,address,Date,Event,Price
0,"100 W Wabash St, Berne, IN 46711",2/12/10,Price change,"$48,000 (-3.8%)"
1,"100 W Wabash St, Berne, IN 46711",4/27/10,Price change,"$45,000 (-6.3%)"
2,"100 W Wabash St, Berne, IN 46711",10/3/10,Price change,"$44,000 (-2.2%)"
3,"100 W Wabash St, Berne, IN 46711",10/7/10,Listing removed,"$44,000 (0%)"
4,"100 W Wabash St, Berne, IN 46711",2/26/19,Listed for sale,0
5,"100 W Wabash St, Berne, IN 46711",3/27/19,Listing removed,0
6,"100 W Wabash St, Berne, IN 46711",4/9/19,Sold,"$33,000 (-25%)"
7,"1005 W Main St, Berne, IN 46711",12/19/13,Sold,"$22,500 (0%)"
8,"1006 Mill Pond Rd, Berne, IN 46711",7/17/18,Listed for sale,"$229,900 (0%)"
9,"1006 Mill Pond Rd, Berne, IN 46711",9/5/18,Price change,"$224,000 (-2.6%)"
10,"1006 Mill Pond Rd, Berne, IN 46711",11/19/18,Price change,"$218,000 (-2.7%)"
11,"1006 Mill Pond Rd, Berne, IN 46711",2/5/19,Listing removed,"$218,000 (0%)"
12,"1006 W Clark St, Berne, IN 46711",10/15/08,Sold,"$73,000 (0%)"
13,"1011 W Water St, Berne, IN 46711",1/27/21,Listed for sale,"$235,000 (0%)"
14,"1011 W Water St, Berne, IN 46711",6/2/21,Listing removed,"$235,000 (0%)"
15,"1012 W 700 S, Berne, IN 46711",7/24/10,Listed for sale,"$135,000 (0%)"
16,"1012 W 700 S, Berne, IN 46711",11/20/10,Price change,"$125,000 (-7.4%)"
17,"1012 W 700 S, Berne, IN 46711",1/23/11,Listing removed,"$125,000 (0%)"
18,"1012 W 700 S, Berne, IN 46711",8/29/18,Listed for sale,"$140,000 (+12%)"
19,"1012 W 700 S, Berne, IN 46711",10/18/18,Price change,"$130,000 (-7.1%)"
20,"1012 W 700 S, Berne, IN 46711",1/22/19,Listing removed,"$130,000 (0%)"
21,"1015 W Main St, Berne, IN 46711",9/3/20,Listed for sale,"$199,000 (0%)"
22,"1015 W Main St, Berne, IN 46711",9/4/20,Listing removed,"$199,000 (0%)"
23,"1015 W Main St, Berne, IN 46711",9/25/20,Sold,"$195,000 (-2%)"
24,"1017 Dearborn St, Berne, IN 46711",5/14/20,Listed for sale,"$185,000 (0%)"
25,"1017 Dearborn St, Berne, IN 46711",7/29/20,Listing removed,"$185,000 (0%)"
26,"1017 W Water St, Berne, IN 46711",6/29/21,Listed for sale,"$267,000 (0%)"
27,"1017 W Water St, Berne, IN 46711",11/26/21,Listing removed,"$267,000 (0%)"
28,"1018 Rose Ln, Berne, IN 46711",2/14/14,Listed for sale,"$149,900 (0%)"
29,"1018 Rose Ln, Berne, IN 46711",4/23/14,Price change,"$144,900 (-3.3%)"
30,"1018 Rose Ln, Berne, IN 46711",6/23/14,Sold,"$140,000 (-3.4%)"
31,"1018 W Clark St, Berne, IN 46711",4/23/18,Listed for sale,"$117,000 (0%)"
32,"1018 W Clark St, Berne, IN 46711",5/4/18,Listing removed,"$117,000 (0%)"
33,"1020 Dearborn St, Berne, IN 46711",5/10/14,Listed for sale,"$95,000 (0%)"
34,"1020 Dearborn St, Berne, IN 46711",6/4/14,Listing removed,"$95,000 (0%)"
35,"1023 W Water St, Berne, IN 46711",5/14/11,Listed for sale,"$91,900 (0%)"
36,"1023 W Water St, Berne, IN 46711",8/11/11,Price change,"$89,900 (-2.2%)"
37,"1023 W Water St, Berne, IN 46711",7/21/12,Listing removed,"$89,900 (0%)"
38,"1024 Rose Ln, Berne, IN 46711",8/1/14,Sold,0
39,"1024 W Water St, Berne, IN 46711",3/5/18,Listed for sale,"$123,000 (0%)"
40,"1024 W Water St, Berne, IN 46711",3/6/18,Listing removed,"$123,000 (0%)"
41,"1024 W Water St, Berne, IN 46711",5/19/18,Sold,"$126,000 (+2.4%)"
42,"1027 W 700 S, Berne, IN 46711",12/1/21,Listed for sale,"$142,000 (0%)"
43,"1027 W 700 S, Berne, IN 46711",12/11/21,Pending sale,"$142,000 (0%)"
44,"1027 W 700 S, Berne, IN 46711",1/7/22,Sold,"$135,000 (-4.9%)"
45,"1034 W 700 S, Berne, IN 46711",7/6/20,Listed for sale,"$137,500 (0%)"
46,"1034 W 700 S, Berne, IN 46711",7/8/20,Pending sale,"$137,500 (0%)"
47,"1034 W 700 S, Berne, IN 46711",7/27/20,Listing removed,"$137,500 (0%)"
48,"1034 W 700 S, Berne, IN 46711",8/19/20,Sold,"$130,000 (-5.5%)"
49,"1035 Black Bear Path, Berne, IN 46711",12/13/19,Listed for sale,"$242,900 (0%)"
50,"1035 Black Bear Path, Berne, IN 46711",12/19/19,Listing removed,"$242,900 (0%)"
51,"1035 Black Bear Path, Berne, IN 46711",2/3/20,Listed for sale,"$242,900 (0%)"
52,"1035 Black Bear Path, Berne, IN 46711",2/25/20,Listing removed,"$242,900 (0%)"
53,"1035 W Dearborn St, Berne, IN 46711",1/18/07,Sold,"$164,500 (0%)"
54,"1055 Rose Ln, Berne, IN 46711",6/19/14,Listed for sale,"$179,000 (0%)"
55,"1055 Rose Ln, Berne, IN 46711",11/11/14,Listing removed,"$179,000 (0%)"
56,"1055 Rose Ln, Berne, IN 46711",10/5/17,Listed for sale,"$183,000 (+2.2%)"
57,"1055 Rose Ln, Berne, IN 46711",11/16/17,Listing removed,"$183,000 (0%)"
58,"1055 Rose Ln, Berne, IN 46711",12/13/17,Sold,"$175,000 (-4.4%)"
59,"1055 W Main St, Berne, IN 46711",6/1/15,Listed for sale,"$109,500 (0%)"
60,"1055 W Main St, Berne, IN 46711",9/22/15,Price change,"$102,900 (-6%)"
61,"1055 W Main St, Berne, IN 46711",1/4/16,Listing removed,"$102,900 (0%)"
62,"1055 W Main St, Berne, IN 46711",5/20/20,Listed for sale,"$139,000 (+35.1%)"
63,"1055 W Main St, Berne, IN 46711",8/19/20,Price change,"$129,000 (-7.2%)"
64,"1055 W Main St, Berne, IN 46711",11/17/20,Listing removed,"$129,000 (0%)"
65,"1065 W Main St, Berne, IN 46711",8/2/17,Listed for sale,"$105,000 (0%)"
66,"1065 W Main St, Berne, IN 46711",10/5/17,Listing removed,"$105,000 (0%)"
67,"1065 W Main St, Berne, IN 46711",11/1/17,Sold,"$104,000 (-1%)"
68,"1065 W Main St, Berne, IN 46711",7/13/20,Sold,"$120,000 (+15.4%)"
69,"1075 W Water St, Berne, IN 46711",6/27/14,Listed for sale,"$139,900 (0%)"
70,"1075 W Water St, Berne, IN 46711",7/11/14,Price change,"$134,900 (-3.6%)"
71,"1075 W Water St, Berne, IN 46711",8/1/14,Price change,"$129,000 (-4.4%)"
72,"1075 W Water St, Berne, IN 46711",8/21/14,Price change,"$127,500 (-1.2%)"
73,"1075 W Water St, Berne, IN 46711",10/1/14,Price change,"$124,000 (-2.7%)"
74,"1075 W Water St, Berne, IN 46711",10/22/14,Listing removed,"$124,000 (0%)"
75,"1075 W Water St, Berne, IN 46711",11/18/14,Sold,"$122,000 (-1.6%)"
76,"1076 W Clark St, Berne, IN 46711",8/31/20,Sold,"$83,000 (0%)"
77,"1080 W 500 S, Berne, IN 46711",12/23/10,Listed for sale,"$235,000 (0%)"
78,"1080 W 500 S, Berne, IN 46711",2/28/11,Listing removed,"$235,000 (0%)"
79,"1080 W 500 S, Berne, IN 46711",12/17/13,Sold,"$249,900 (+6.3%)"
80,"1080 W Main St, Berne, IN 46711",11/21/18,Listed for sale,"$192,000 (0%)"
81,"1080 W Main St, Berne, IN 46711",1/28/19,Listing removed,"$192,000 (0%)"
82,"1105 W Clark St, Berne, IN 46711",6/29/17,Listed for sale,"$149,900 (0%)"
83,"1105 W Clark St, Berne, IN 46711",7/26/17,Price change,"$139,900 (-6.7%)"
84,"1105 W Clark St, Berne, IN 46711",12/4/17,Listing removed,"$139,900 (0%)"
85,"1105 W Main St, Berne, IN 46711",4/16/15,Listed for sale,"$89,500 (0%)"
86,"1105 W Main St, Berne, IN 46711",5/6/15,Price change,"$87,000 (-2.8%)"
87,"1105 W Main St, Berne, IN 46711",6/9/15,Price change,"$84,000 (-3.4%)"
88,"1105 W Main St, Berne, IN 46711",1/12/16,Listing removed,"$84,000 (0%)"
89,"1105 Westwind Trl, Berne, IN 46711",5/17/11,Listed for sale,"$113,900 (0%)"
90,"1105 Westwind Trl, Berne, IN 46711",6/10/11,Listing removed,"$113,900 (0%)"
91,"1105 Westwind Trl, Berne, IN 46711",6/30/11,Sold,"$108,000 (-5.2%)"
92,"1123 W Clark St, Berne, IN 46711",8/4/16,Listed for sale,"$105,000 (0%)"
93,"1123 W Clark St, Berne, IN 46711",8/22/16,Listing removed,"$105,000 (0%)"
94,"1124 W Clark St, Berne, IN 46711",4/21/21,Listed for sale,"$189,000 (0%)"
95,"1124 W Clark St, Berne, IN 46711",4/23/21,Pending sale,"$189,000 (0%)"
96,"1124 W Clark St, Berne, IN 46711",7/22/21,Listing removed,"$189,000 (0%)"
97,"113 W Van Buren St, Berne, IN 46711",9/15/17,Sold,"$21,000 (0%)"
98,"117 W Adams St, Berne, IN 46711",10/14/09,Listed for sale,"$75,000 (0%)"
99,"117 W Adams St, Berne, IN 46711",11/12/09,Listing removed,"$75,000 (0%)"
100,"117 W Adams St, Berne, IN 46711",4/6/21,Listed for rent,$750 (0%)
101,"117 W Adams St, Berne, IN 46711",4/8/21,Listing removed,$750 (0%)
102,"118 E Adams St, Berne, IN 46711",6/6/16,Listed for sale,"$59,000 (0%)"
103,"118 E Adams St, Berne, IN 46711",6/20/16,Price change,"$57,000 (-3.4%)"
104,"118 E Adams St, Berne, IN 46711",8/11/16,Price change,"$55,000 (-3.5%)"
105,"118 E Adams St, Berne, IN 46711",12/1/16,Listing removed,"$55,000 (0%)"
106,"118 E Adams St, Berne, IN 46711",1/19/17,Sold,0
107,"120 Hahnemann Ct, Berne, IN 46711",12/30/15,Listed for sale,"$182,900 (0%)"
108,"120 Hahnemann Ct, Berne, IN 46711",5/23/16,Price change,"$176,900 (-3.3%)"
109,"120 Hahnemann Ct, Berne, IN 46711",8/18/16,Listing removed,"$176,900 (0%)"
110,"1205 W Main St, Berne, IN 46711",10/28/16,Listed for sale,"$105,000 (0%)"
111,"1205 W Main St, Berne, IN 46711",11/22/16,Price change,"$102,000 (-2.9%)"
112,"1205 W Main St, Berne, IN 46711",2/6/17,Sold,"$99,000 (-2.9%)"
113,"1205 W Main St, Berne, IN 46711",10/2/20,Sold,"$116,000 (+17.2%)"
114,"1206 Mill Pond Rd, Berne, IN 46711",8/21/10,Listed for sale,"$268,000 (0%)"
115,"1206 Mill Pond Rd, Berne, IN 46711",3/4/11,Price change,"$210,000 (-21.6%)"
116,"1206 Mill Pond Rd, Berne, IN 46711",3/28/11,Listing removed,"$210,000 (0%)"
117,"1206 Mill Pond Rd, Berne, IN 46711",11/12/13,Sold,"$279,623 (+33.2%)"
118,"1206 W Water St, Berne, IN 46711",10/1/20,Sold,"$139,900 (0%)"
119,"1208 W 500 S, Berne, IN 46711",8/30/13,Listed for sale,"$146,500 (0%)"
120,"1208 W 500 S, Berne, IN 46711",9/10/13,Price change,"$139,000 (-5.1%)"
121,"1208 W 500 S, Berne, IN 46711",11/4/13,Listing removed,"$139,000 (0%)"
122,"1208 W 500 S, Berne, IN 46711",4/3/17,Listed for sale,"$199,900 (+43.8%)"
123,"1208 W 500 S, Berne, IN 46711",4/7/17,Listing removed,"$199,900 (0%)"
124,"1208 W 500 S, Berne, IN 46711",5/3/17,Sold,"$200,000 (+0.1%)"
125,"1219 Carrington Way, Berne, IN 46711",9/29/21,Listed for sale,0
126,"1219 Carrington Way, Berne, IN 46711",11/2/21,Pending sale,0
127,"1219 Carrington Way, Berne, IN 46711",12/13/21,Sold,"$212,500 (0%)"
128,"1224 W Clark St, Berne, IN 46711",2/5/16,Listed for sale,"$79,500 (0%)"
129,"1224 W Clark St, Berne, IN 46711",2/15/16,Listing removed,"$79,500 (0%)"
130,"1224 Westwind Trl, Berne, IN 46711",11/28/13,Listed for sale,"$269,900 (0%)"
131,"1224 Westwind Trl, Berne, IN 46711",12/31/14,Listing removed,"$269,900 (0%)"
132,"1224 Westwind Trl, Berne, IN 46711",5/5/15,Listed for sale,"$249,000 (-7.7%)"
133,"1224 Westwind Trl, Berne, IN 46711",7/21/15,Price change,"$237,000 (-4.8%)"
134,"1224 Westwind Trl, Berne, IN 46711",10/10/15,Listing removed,"$237,000 (0%)"
135,"1225 W 300 S, Berne, IN 46711",3/20/15,Sold,"$150,000 (0%)"
136,"1225 Yoderstrasse, Berne, IN 46711",9/22/15,Sold,"$192,500 (0%)"
137,"1226 Hauptstrasse, Berne, IN 46711",6/11/09,Listed for sale,"$173,500 (0%)"
138,"1226 Hauptstrasse, Berne, IN 46711",7/8/09,Price change,"$167,900 (-3.2%)"
139,"1226 Hauptstrasse, Berne, IN 46711",8/20/09,Listing removed,"$167,900 (0%)"
140,"1226 Yoderstrasse, Berne, IN 46711",7/8/14,Sold,0
141,"1231 Carrington Way, Berne, IN 46711",4/25/16,Listed for sale,"$169,900 (0%)"
142,"1231 Carrington Way, Berne, IN 46711",6/9/16,Sold,"$150,000 (-11.7%)"
143,"1236 Stuckistrasse, Berne, IN 46711",4/10/14,Listed for sale,"$165,500 (0%)"
144,"1236 Stuckistrasse, Berne, IN 46711",8/28/14,Listing removed,"$165,500 (0%)"
145,"1236 Stuckistrasse, Berne, IN 46711",9/22/14,Sold,0
146,"1236 Yoderstrasse, Berne, IN 46711",5/21/15,Listed for sale,"$217,900 (0%)"
147,"1236 Yoderstrasse, Berne, IN 46711",8/10/15,Pending sale,"$217,900 (0%)"
148,"1236 Yoderstrasse, Berne, IN 46711",8/20/15,Listing removed,"$217,900 (0%)"
149,"1236 Yoderstrasse, Berne, IN 46711",9/14/15,Sold,"$205,000 (-5.9%)"
150,"1240 Carrington Way, Berne, IN 46711",9/26/17,Listed for sale,"$169,900 (0%)"
151,"1240 Carrington Way, Berne, IN 46711",11/15/17,Listing removed,"$169,900 (0%)"
152,"125 Hahnemann Ct, Berne, IN 46711",5/27/15,Sold,"$189,900 (0%)"
153,"1251 Carrington Way, Berne, IN 46711",8/1/06,Sold,"$165,900 (0%)"
154,"1252 W 500 S, Berne, IN 46711",5/16/09,Sold,"$115,000 (0%)"
155,"1255 Stuckistrasse, Berne, IN 46711",7/5/18,Listed for sale,"$149,900 (0%)"
156,"1255 Stuckistrasse, Berne, IN 46711",7/9/18,Listing removed,"$149,900 (0%)"
157,"1255 Yoderstrasse, Berne, IN 46711",2/12/20,Listed for sale,"$189,000 (0%)"
158,"1255 Yoderstrasse, Berne, IN 46711",2/14/20,Listing removed,"$189,000 (0%)"
159,"1255 Yoderstrasse, Berne, IN 46711",3/31/20,Sold,"$187,500 (-0.8%)"
160,"1256 Yoderstrasse, Berne, IN 46711",1/16/17,Listed for sale,"$205,000 (+25.8%)"
161,"1256 Yoderstrasse, Berne, IN 46711",4/18/17,Price change,"$199,000 (-2.9%)"
162,"1256 Yoderstrasse, Berne, IN 46711",11/13/17,Listing removed,"$199,000 (0%)"
163,"1256 Yoderstrasse, Berne, IN 46711",11/28/17,Sold,"$185,000 (-7%)"
164,"1256 Yoderstrasse, Berne, IN 46711",1/19/18,Listed for sale,"$199,900 (+8.1%)"
165,"1256 Yoderstrasse, Berne, IN 46711",2/14/18,Listing removed,"$199,900 (0%)"
166,"1256 Yoderstrasse, Berne, IN 46711",3/21/18,Sold,"$198,000 (-1%)"
167,"1266 Yoderstrasse, Berne, IN 46711",9/1/15,Sold,"$171,000 (0%)"
168,"1275 Stuckistrasse, Berne, IN 46711",7/2/21,Listed for sale,0
169,"1275 Stuckistrasse, Berne, IN 46711",8/8/21,Pending sale,0
170,"1275 Stuckistrasse, Berne, IN 46711",8/26/21,Sold,"$180,000 (0%)"
171,"1285 Hendricks St, Berne, IN 46711",9/23/10,Listed for sale,"$49,900 (0%)"
172,"1285 Hendricks St, Berne, IN 46711",11/18/10,Listing removed,"$49,900 (0%)"
173,"1305 Yoderstrasse, Berne, IN 46711",6/16/17,Sold,"$180,000 (0%)"
174,"1306 Hauptstrasse, Berne, IN 46711",8/11/13,Listed for sale,"$168,500 (0%)"
175,"1306 Hauptstrasse, Berne, IN 46711",4/30/14,Listing removed,"$168,500 (0%)"
176,"1306 Soudastrasse, Berne, IN 46711",10/17/19,Listed for sale,"$212,000 (0%)"
177,"1306 Soudastrasse, Berne, IN 46711",11/25/19,Listing removed,"$212,000 (0%)"
178,"1306 Soudastrasse, Berne, IN 46711",9/16/20,Listed for sale,"$227,500 (+7.3%)"
179,"1306 Soudastrasse, Berne, IN 46711",11/2/20,Listing removed,"$227,500 (0%)"
180,"1306 Soudastrasse, Berne, IN 46711",11/18/20,Sold,"$227,500 (0%)"
181,"1315 Hendricks St, Berne, IN 46711",4/15/11,Listed for sale,"$75,000 (0%)"
182,"1315 Hendricks St, Berne, IN 46711",8/2/11,Listing removed,"$75,000 (0%)"
183,"1315 Hendricks St, Berne, IN 46711",8/16/12,Listed for sale,"$75,900 (+1.2%)"
184,"1315 Hendricks St, Berne, IN 46711",10/11/12,Price change,"$74,900 (-1.3%)"
185,"1315 Hendricks St, Berne, IN 46711",3/13/14,Price change,"$73,000 (-2.5%)"
186,"1315 Hendricks St, Berne, IN 46711",6/15/15,Listing removed,"$73,000 (0%)"
187,"13211 Brooks School Rd, Fishers, IN 46037",3/14/16,Listed for sale,"$269,000 (0%)"
188,"13211 Brooks School Rd, Fishers, IN 46037",4/18/16,Price change,"$259,000 (-3.7%)"
189,"13211 Brooks School Rd, Fishers, IN 46037",7/15/16,Sold,"$240,000 (-7.3%)"
190,"13211 Brooks School Rd, Fishers, IN 46037",4/23/18,Listed for sale,"$350,000 (+45.8%)"
191,"13211 Brooks School Rd, Fishers, IN 46037",6/16/18,Pending sale,"$350,000 (0%)"
192,"13211 Brooks School Rd, Fishers, IN 46037",7/27/18,Sold,"$335,000 (-4.3%)"
193,"1325 Hauptstrasse, Berne, IN 46711",11/22/13,Listed for sale,"$155,000 (0%)"
194,"1325 Hauptstrasse, Berne, IN 46711",12/30/13,Sold,"$153,000 (-1.3%)"
195,"1325 Soudastrasse, Berne, IN 46711",2/17/11,Listed for sale,"$179,900 (0%)"
196,"1325 Soudastrasse, Berne, IN 46711",5/29/11,Price change,"$174,900 (-2.8%)"
197,"1325 Soudastrasse, Berne, IN 46711",7/10/11,Listing removed,"$174,900 (0%)"
198,"1325 Soudastrasse, Berne, IN 46711",9/27/21,Listed for sale,"$329,000 (+88.1%)"
199,"1325 Soudastrasse, Berne, IN 46711",12/3/21,Sold,"$320,000 (-2.7%)"
200,"1325 Yoderstrasse, Berne, IN 46711",11/11/20,Listed for sale,"$180,000 (0%)"
201,"1325 Yoderstrasse, Berne, IN 46711",2/18/21,Pending sale,"$180,000 (0%)"
202,"1325 Yoderstrasse, Berne, IN 46711",4/20/21,Sold,"$170,000 (-5.6%)"
203,"1326 Hauptstrasse, Berne, IN 46711",11/1/19,Listed for sale,"$154,000 (0%)"
204,"1326 Hauptstrasse, Berne, IN 46711",11/12/19,Listing removed,"$154,000 (0%)"
205,"1345 Colonial Ct, Berne, IN 46711",7/11/13,Listed for sale,"$87,500 (0%)"
206,"1345 Colonial Ct, Berne, IN 46711",8/13/13,Price change,"$84,900 (-3%)"
207,"1345 Colonial Ct, Berne, IN 46711",9/23/13,Sold,"$80,000 (-5.8%)"
208,"1345 Colonial Ct, Berne, IN 46711",6/26/18,Listed for sale,"$86,000 (+7.5%)"
209,"1345 Colonial Ct, Berne, IN 46711",7/3/18,Listing removed,"$86,000 (0%)"
210,"1345 Hauptstrasse, Berne, IN 46711",7/26/13,Listed for sale,"$130,000 (0%)"
211,"1345 Hauptstrasse, Berne, IN 46711",9/18/13,Sold,"$130,000 (0%)"
212,"135 Hahnemann Ct, Berne, IN 46711",3/19/19,Listed for sale,"$188,000 (0%)"
213,"135 Hahnemann Ct, Berne, IN 46711",3/28/19,Listing removed,"$188,000 (0%)"
214,"135 Hahnemann Ct, Berne, IN 46711",4/24/19,Sold,"$180,000 (-4.3%)"
215,"1355 Hendricks St, Berne, IN 46711",7/10/19,Listed for sale,"$54,900 (0%)"
216,"1355 Hendricks St, Berne, IN 46711",7/11/19,Listing removed,"$54,900 (0%)"
217,"1355 Hendricks St, Berne, IN 46711",8/5/19,Sold,"$52,000 (-5.3%)"
218,"1365 Colonial Ct, Berne, IN 46711",12/17/13,Listed for sale,"$75,990 (0%)"
219,"1365 Colonial Ct, Berne, IN 46711",1/10/14,Price change,"$69,900 (-8%)"
220,"1365 Colonial Ct, Berne, IN 46711",1/22/14,Sold,"$65,450 (-6.4%)"
221,"1365 Hauptstrasse, Berne, IN 46711",6/13/15,Listed for sale,"$148,000 (0%)"
222,"1365 Hauptstrasse, Berne, IN 46711",7/23/15,Listing removed,"$148,000 (0%)"
223,"1365 Soudastrasse, Berne, IN 46711",2/26/10,Listed for sale,"$259,000 (0%)"
224,"1365 Soudastrasse, Berne, IN 46711",5/15/10,Listing removed,"$259,000 (0%)"
225,"1365 Soudastrasse, Berne, IN 46711",7/24/10,Listed for sale,"$259,000 (0%)"
226,"1365 Soudastrasse, Berne, IN 46711",11/4/10,Price change,"$249,900 (-3.5%)"
227,"1365 Soudastrasse, Berne, IN 46711",3/4/11,Price change,"$245,900 (-1.6%)"
228,"1365 Soudastrasse, Berne, IN 46711",7/26/11,Price change,"$239,900 (-2.4%)"
229,"1365 Soudastrasse, Berne, IN 46711",11/14/11,Listing removed,"$239,900 (0%)"
230,"1366 Soudastrasse, Berne, IN 46711",6/7/16,Sold,"$209,900 (0%)"
231,"1366 Soudastrasse, Berne, IN 46711",6/8/16,Sold,"$209,900 (0%)"
232,"1366 Soudastrasse, Berne, IN 46711",8/22/20,Listed for sale,"$259,900 (+23.8%)"
233,"1366 Soudastrasse, Berne, IN 46711",9/3/20,Pending sale,"$259,900 (0%)"
234,"1366 Soudastrasse, Berne, IN 46711",10/22/20,Listing removed,"$259,900 (0%)"
235,"1386 Yoderstrasse, Berne, IN 46711",8/28/14,Sold,0
236,"1388 W 300 S, Berne, IN 46711",9/2/09,Sold,"$8,370 (0%)"
237,"1390 Carrington Way, Berne, IN 46711",7/16/19,Listed for sale,"$255,000 (0%)"
238,"1390 Carrington Way, Berne, IN 46711",10/26/19,Listing removed,"$255,000 (0%)"
239,"1395 Colonial Ct, Berne, IN 46711",5/2/14,Listed for sale,"$96,500 (0%)"
240,"1395 Colonial Ct, Berne, IN 46711",6/17/14,Price change,"$93,500 (-3.1%)"
241,"1395 Colonial Ct, Berne, IN 46711",8/7/14,Listing removed,"$93,500 (0%)"
242,"1395 Colonial Ct, Berne, IN 46711",4/26/19,Sold,"$115,000 (+23%)"
243,"1395 Glenwood Ct, Berne, IN 46711",12/16/14,Listing removed,"$98,500 (0%)"
244,"1395 Glenwood Ct, Berne, IN 46711",3/9/18,Listed for sale,"$118,000 (+19.8%)"
245,"1395 Glenwood Ct, Berne, IN 46711",5/10/18,Listing removed,"$118,000 (0%)"
246,"1395 Glenwood Ct, Berne, IN 46711",7/7/18,Sold,"$112,500 (-4.7%)"
247,"1395 Glenwood Ct, Berne, IN 46711",11/19/18,Listed for sale,"$122,500 (+8.9%)"
248,"1395 Glenwood Ct, Berne, IN 46711",1/18/19,Price change,"$119,500 (-2.4%)"
249,"1395 Glenwood Ct, Berne, IN 46711",4/6/19,Listing removed,"$119,500 (0%)"
250,"1395 Hendricks St, Berne, IN 46711",6/15/17,Listed for sale,"$74,900 (0%)"
251,"1395 Hendricks St, Berne, IN 46711",6/30/17,Price change,"$68,900 (-8%)"
252,"1395 Hendricks St, Berne, IN 46711",8/26/17,Listing removed,"$68,900 (0%)"
253,"1395 Old Colonial Dr, Berne, IN 46711",3/4/10,Listed for sale,"$179,900 (0%)"
254,"1395 Old Colonial Dr, Berne, IN 46711",6/11/10,Listing removed,"$179,900 (0%)"
255,"1405 Colonial Ct, Berne, IN 46711",6/28/11,Listed for sale,"$99,900 (0%)"
256,"1405 Colonial Ct, Berne, IN 46711",9/1/11,Listing removed,"$99,900 (0%)"
257,"1422 Carrington Way, Berne, IN 46711",1/21/20,Listed for sale,"$298,000 (0%)"
258,"1422 Carrington Way, Berne, IN 46711",1/27/20,Listing removed,"$298,000 (0%)"
259,"1425 Colonial Ct, Berne, IN 46711",6/26/18,Listed for sale,"$90,000 (0%)"
260,"1425 Colonial Ct, Berne, IN 46711",7/3/18,Price change,"$87,000 (-3.3%)"
261,"1425 Colonial Ct, Berne, IN 46711",7/6/18,Listing removed,"$87,000 (0%)"
262,"1425 Glenwood Ct, Berne, IN 46711",2/9/07,Sold,"$85,500 (0%)"
263,"1425 Glenwood Ct, Berne, IN 46711",5/17/13,Listed for sale,"$89,900 (+5.1%)"
264,"1425 Glenwood Ct, Berne, IN 46711",6/6/13,Price change,"$85,000 (-5.5%)"
265,"1425 Glenwood Ct, Berne, IN 46711",7/3/13,Price change,"$84,000 (-1.2%)"
266,"1425 Glenwood Ct, Berne, IN 46711",2/3/14,Listing removed,"$84,000 (0%)"
267,"1425 Glenwood Ct, Berne, IN 46711",1/15/15,Sold,"$64,000 (-23.8%)"
268,"1425 Hendricks St, Berne, IN 46711",10/11/12,Listed for sale,"$73,000 (0%)"
269,"1425 Hendricks St, Berne, IN 46711",4/9/13,Listing removed,"$73,000 (0%)"
270,"1425 Hendricks St, Berne, IN 46711",6/21/13,Sold,"$73,000 (0%)"
271,"1425 Hendricks St, Berne, IN 46711",4/15/21,Listed for sale,"$90,000 (+23.3%)"
272,"1425 Hendricks St, Berne, IN 46711",4/19/21,Pending sale,"$90,000 (0%)"
273,"1425 Hendricks St, Berne, IN 46711",6/3/21,Sold,"$95,000 (+5.6%)"
274,"1426 Glenwood Ct, Berne, IN 46711",3/7/22,Listed for sale,"$189,983 (0%)"
275,"1426 Glenwood Ct, Berne, IN 46711",3/9/22,Pending sale,"$189,983 (0%)"
276,"109 Greenbriar Dr, Bluffton, IN 46714",04/07/00,Sold,"$105,000 (+5.1%)"
277,"109 Greenbriar Dr, Bluffton, IN 46714",06/16/95,Sold,"$99,950 (0%)"
278,"1227 W South St, Bluffton, IN 46714",04/02/10,Sold,"$54,000 (-1.8%)"
279,"1227 W South St, Bluffton, IN 46714",02/18/10,Listed for sale,"$55,000 (0%)"
280,"215 W Spring St UNIT A-3, Bluffton, IN 46714",01/19/12,Sold,"$78,000 (-2.5%)"
281,"215 W Spring St UNIT A-3, Bluffton, IN 46714",03/30/11,Price change,"$80,000 (-11%)"
282,"215 W Spring St UNIT A-3, Bluffton, IN 46714",12/31/10,Listed for sale,"$89,900 (0%)"
283,"1513 Bell Brook Ct, Bluffton, IN 46714",07/19/11,Sold,"$252,500 (-4.7%)"
284,"1513 Bell Brook Ct, Bluffton, IN 46714",04/16/11,Listed for sale,"$265,000 (+1225%)"
285,"1513 Bell Brook Ct, Bluffton, IN 46714",04/03/01,Sold,"$20,000 (0%)"
286,"319 W Cherry St, Bluffton, IN 46714",07/21/07,Sold,"$72,500 (0%)"
287,"1870 E South Timberidge Rd, Bluffton, IN 46714",05/26/00,Sold,"$186,500 (0%)"
288,"327 E Spring St, Bluffton, IN 46714",10/07/13,Sold,"$14,000 (0%)"
289,"1124 W South St, Bluffton, IN 46714",04/10/21,Listing removed,$749 (0%)
290,"1124 W South St, Bluffton, IN 46714",03/30/21,Price change,$749 (-6.3%)
291,"1124 W South St, Bluffton, IN 46714",02/08/21,Listed for rent,$799 (+10.2%)
292,"1124 W South St, Bluffton, IN 46714",11/28/18,Listing removed,$725 (0%)
293,"1124 W South St, Bluffton, IN 46714",09/14/18,Price change,$725 (-3.3%)
294,"1124 W South St, Bluffton, IN 46714",07/06/18,Listed for rent,$750 (-6.3%)
295,"1124 W South St, Bluffton, IN 46714",07/28/17,Listing removed,$800 (0%)
296,"1541 Wexford Ct, Bluffton, IN 46714",06/04/02,Sold,"$199,500 (0%)"
297,"1464 W Cherry St, Bluffton, IN 46714",09/17/13,Listing removed,"$81,500 (0%)"
298,"1464 W Cherry St, Bluffton, IN 46714",07/03/13,Price change,"$81,500 (+2.5%)"
299,"1464 W Cherry St, Bluffton, IN 46714",06/28/13,Price change,"$79,500 (-2.5%)"
300,"1464 W Cherry St, Bluffton, IN 46714",06/21/13,Price change,"$81,500 (-3.6%)"
301,"1464 W Cherry St, Bluffton, IN 46714",03/22/13,Price change,"$84,500 (-5.6%)"
302,"1464 W Cherry St, Bluffton, IN 46714",02/19/13,Listed for sale,"$89,500 (0%)"
303,"220 W Cherry St APT 1, Bluffton, IN 46714",06/01/20,Listing removed,$600 (0%)
304,"220 W Cherry St APT 1, Bluffton, IN 46714",05/30/20,Listed for rent,$600 (0%)
305,"220 W Cherry St APT 1, Bluffton, IN 46714",03/14/19,Listing removed,$600 (-4%)
306,"220 W Cherry St APT 1, Bluffton, IN 46714",03/09/19,Listed for rent,$625 (0%)
307,"1402 Deerbrook Ct, Bluffton, IN 46714",11/27/20,Listing removed,"$163,200 (0%)"
308,"1402 Deerbrook Ct, Bluffton, IN 46714",10/09/20,Listed for sale,"$163,200 (+186.3%)"
309,"1402 Deerbrook Ct, Bluffton, IN 46714",12/17/13,Sold,"$57,001 (0%)"
310,"1704 S Sutton Circle Dr, Bluffton, IN 46714",04/29/11,Sold,"$132,500 (-21.8%)"
311,"1704 S Sutton Circle Dr, Bluffton, IN 46714",11/18/10,Listing removed,"$169,500 (0%)"
312,"1704 S Sutton Circle Dr, Bluffton, IN 46714",07/24/10,Listed for sale,"$169,500 (-13.1%)"
313,"1704 S Sutton Circle Dr, Bluffton, IN 46714",03/18/03,Sold,"$195,000 (0%)"
314,"1146 N 500 W, Bluffton, IN 46714",03/16/22,Pending sale,"$102,000 (0%)"
315,"1146 N 500 W, Bluffton, IN 46714",03/11/22,Listed for sale,"$102,000 (+70.3%)"
316,"1146 N 500 W, Bluffton, IN 46714",08/14/14,Listing removed,"$59,900 (0%)"
317,"1146 N 500 W, Bluffton, IN 46714",06/12/14,Listed for sale,"$59,900 (0%)"
318,"223 W Madison Ave #7, Bluffton, IN 46714",04/22/96,Sold,"$111,129 (0%)"
319,"1024 Compromise Ln, Bluffton, IN 46714",04/19/21,Sold,"$173,000 (0%)"
320,"1024 Compromise Ln, Bluffton, IN 46714",03/15/21,Pending sale,"$173,000 (0%)"
321,"1024 Compromise Ln, Bluffton, IN 46714",03/11/21,Price change,"$173,000 (-3.8%)"
322,"1024 Compromise Ln, Bluffton, IN 46714",03/05/21,Price change,"$179,900 (-2.8%)"
323,"1024 Compromise Ln, Bluffton, IN 46714",03/02/21,Listed for sale,"$185,000 (+71.3%)"
324,"1024 Compromise Ln, Bluffton, IN 46714",09/23/15,Listing removed,"$108,000 (0%)"
325,"1024 Compromise Ln, Bluffton, IN 46714",09/17/15,Price change,"$108,000 (-0.9%)"
326,"1296 W 300 N, Bluffton, IN 46714",01/29/14,Listing removed,"$230,000 (0%)"
327,"1296 W 300 N, Bluffton, IN 46714",12/18/13,Listed for sale,"$230,000 (0%)"
328,"306 E Wiley Ave, Bluffton, IN 46714",02/25/09,Sold,"$69,500 (+46.3%)"
329,"306 E Wiley Ave, Bluffton, IN 46714",09/11/00,Sold,"$47,500 (0%)"
330,"2190 E 350 N, Bluffton, IN 46714",07/15/19,Sold,"$190,000 (-5%)"
331,"2190 E 350 N, Bluffton, IN 46714",06/19/19,Listing removed,"$199,900 (0%)"
332,"2190 E 350 N, Bluffton, IN 46714",06/05/19,Listed for sale,"$199,900 (0%)"
333,"2190 E 350 N, Bluffton, IN 46714",04/08/19,Listing removed,"$199,900 (0%)"
334,"2190 E 350 N, Bluffton, IN 46714",04/06/19,Listed for sale,"$199,900 (+11.1%)"
335,"2190 E 350 N, Bluffton, IN 46714",08/21/18,Listing removed,"$179,900 (0%)"
336,"2190 E 350 N, Bluffton, IN 46714",08/17/18,Listed for sale,"$179,900 (+33.3%)"
337,"1559 Wexford Ct, Bluffton, IN 46714",04/12/02,Sold,"$29,900 (0%)"
338,"212 E Washington St, Bluffton, IN 46714",02/03/21,Sold,"$85,000 (-5.6%)"
339,"212 E Washington St, Bluffton, IN 46714",01/12/21,Pending sale,"$90,000 (0%)"
340,"212 E Washington St, Bluffton, IN 46714",01/12/21,Listed for sale,"$90,000 (0%)"
341,"212 E Washington St, Bluffton, IN 46714",12/07/20,Listing removed,"$90,000 (0%)"
342,"212 E Washington St, Bluffton, IN 46714",11/24/20,Listed for sale,"$90,000 (+50%)"
343,"212 E Washington St, Bluffton, IN 46714",10/22/10,Listing removed,"$60,000 (0%)"
344,"212 E Washington St, Bluffton, IN 46714",07/24/10,Listed for sale,"$60,000 (+10.1%)"
345,"206 Briarcrest Pl, Bluffton, IN 46714",10/28/15,Listing removed,"$114,900 (0%)"
346,"206 Briarcrest Pl, Bluffton, IN 46714",08/31/15,Price change,"$114,900 (-4.2%)"
347,"206 Briarcrest Pl, Bluffton, IN 46714",06/17/15,Listed for sale,"$119,900 (0%)"
348,"1419 Parlor City Dr, Bluffton, IN 46714",01/03/17,Listing removed,"$230,000 (0%)"
349,"1419 Parlor City Dr, Bluffton, IN 46714",11/03/16,Listed for sale,"$230,000 (+19.5%)"
350,"1419 Parlor City Dr, Bluffton, IN 46714",12/01/08,Sold,"$192,500 (+11%)"
351,"1419 Parlor City Dr, Bluffton, IN 46714",09/27/00,Sold,"$173,500 (0%)"
352,"1023 W Cherry St, Bluffton, IN 46714",08/15/13,Sold,"$37,500 (-7.4%)"
353,"1023 W Cherry St, Bluffton, IN 46714",07/03/13,Listing removed,"$40,500 (0%)"
354,"1023 W Cherry St, Bluffton, IN 46714",05/06/13,Price change,"$40,500 (-10%)"
355,"1023 W Cherry St, Bluffton, IN 46714",04/05/13,Price change,"$45,000 (-3.2%)"
356,"1023 W Cherry St, Bluffton, IN 46714",01/18/13,Listed for sale,"$46,500 (+232.1%)"
357,"1023 W Cherry St, Bluffton, IN 46714",02/19/10,Sold,"$14,000 (0%)"
358,"2262 W 100 N, Bluffton, IN 46714",04/17/97,Sold,"$30,686 (0%)"
359,"1563 Kensington Dr, Bluffton, IN 46714",04/09/07,Sold,"$214,000 (0%)"
360,"325 Greenbriar Dr, Bluffton, IN 46714",01/30/18,Sold,"$140,000 (0%)"
361,"325 Greenbriar Dr, Bluffton, IN 46714",01/02/18,Listing removed,"$140,000 (0%)"
362,"325 Greenbriar Dr, Bluffton, IN 46714",11/15/17,Listed for sale,"$140,000 (0%)"
363,"327 E Wiley Ave, Bluffton, IN 46714",04/02/07,Sold,"$73,500 (0%)"
364,"2585 SW Church Rd, Bluffton, IN 46714",11/01/19,Sold,"$90,000 (-5.3%)"
365,"2585 SW Church Rd, Bluffton, IN 46714",10/09/19,Listing removed,"$95,000 (0%)"
366,"2585 SW Church Rd, Bluffton, IN 46714",10/02/19,Listed for sale,"$95,000 (+111.1%)"
367,"2585 SW Church Rd, Bluffton, IN 46714",05/08/98,Sold,"$45,000 (0%)"
368,"1927 S Hoosier Hwy, Bluffton, IN 46714",05/18/12,Listing removed,"$147,500 (0%)"
369,"1927 S Hoosier Hwy, Bluffton, IN 46714",07/10/11,Listed for sale,"$147,500 (0%)"
370,"1215 E Spring St, Bluffton, IN 46714",01/18/19,Sold,"$177,500 (-1.3%)"
371,"1215 E Spring St, Bluffton, IN 46714",12/19/18,Listing removed,"$179,900 (0%)"
372,"1215 E Spring St, Bluffton, IN 46714",09/06/18,Listed for sale,"$179,900 (+94.5%)"
373,"1215 E Spring St, Bluffton, IN 46714",05/24/18,Sold,"$92,500 (-12.7%)"
374,"1215 E Spring St, Bluffton, IN 46714",04/20/18,Listing removed,"$105,900 (0%)"
375,"1215 E Spring St, Bluffton, IN 46714",03/15/18,Listed for sale,"$105,900 (-18.5%)"
376,"1215 E Spring St, Bluffton, IN 46714",01/19/17,Listing removed,"$130,000 (0%)"
377,"219 E Washington St, Bluffton, IN 46714",11/14/02,Sold,"$65,000 (0%)"
378,"1241 Sunnyglenn Ct, Bluffton, IN 46714",05/08/20,Sold,"$102,500 (+3%)"
379,"1241 Sunnyglenn Ct, Bluffton, IN 46714",03/31/20,Listing removed,"$99,500 (0%)"
380,"1241 Sunnyglenn Ct, Bluffton, IN 46714",02/20/20,Listed for sale,"$99,500 (0%)"
381,"1241 Sunnyglenn Ct, Bluffton, IN 46714",02/11/20,Listed for sale,"$99,500 (+32.7%)"
382,"1241 Sunnyglenn Ct, Bluffton, IN 46714",04/10/15,Sold,"$75,000 (0%)"
383,"1241 Sunnyglenn Ct, Bluffton, IN 46714",03/11/15,Listed for sale,"$75,000 (+120.6%)"
384,"1241 Sunnyglenn Ct, Bluffton, IN 46714",07/19/12,Sold,"$34,000 (-52.4%)"
385,"216 E Townley St, Bluffton, IN 46714",08/07/07,Sold,"$27,000 (0%)"
386,"204 W Central Ave, Bluffton, IN 46714",04/16/07,Sold,"$74,600 (0%)"
387,"1430 Lancaster St, Bluffton, IN 46714",10/15/20,Sold,"$115,000 (0%)"
388,"1430 Lancaster St, Bluffton, IN 46714",10/09/20,Listed for sale,"$115,000 (0%)"
389,"1605 Greenfield Ln, Bluffton, IN 46714",11/24/14,Sold,"$98,000 (-0.5%)"
390,"1605 Greenfield Ln, Bluffton, IN 46714",09/29/14,Listed for sale,"$98,500 (0%)"
391,"220 Oak Forest Dr, Bluffton, IN 46714",08/26/08,Sold,"$275,000 (0%)"
392,"2805 E 700 S, Bluffton, IN 46714",08/23/19,Sold,"$82,400 (-3.1%)"
393,"2805 E 700 S, Bluffton, IN 46714",08/09/16,Listing removed,"$85,000 (0%)"
394,"2805 E 700 S, Bluffton, IN 46714",07/14/16,Price change,"$85,000 (-5.6%)"
395,"2805 E 700 S, Bluffton, IN 46714",05/11/16,Listed for sale,"$90,000 (0%)"
396,"122 E Dustman Rd, Bluffton, IN 46714",10/28/14,Listing removed,"$67,500 (0%)"
397,"122 E Dustman Rd, Bluffton, IN 46714",09/27/14,Listed for sale,"$67,500 (0%)"
398,"122 E Dustman Rd, Bluffton, IN 46714",07/22/14,Listing removed,"$67,500 (0%)"
399,"122 E Dustman Rd, Bluffton, IN 46714",07/09/14,Price change,"$67,500 (-2.2%)"
400,"122 E Dustman Rd, Bluffton, IN 46714",02/05/14,Listed for sale,"$69,000 (+96%)"
401,"122 E Dustman Rd, Bluffton, IN 46714",06/16/03,Sold,"$35,200 (+59.3%)"
402,"122 E Dustman Rd, Bluffton, IN 46714",05/27/97,Sold,"$22,090 (0%)"
403,"337 Grassland Ct, Bluffton, IN 46714",08/28/19,Listing removed,"$190,000 (0%)"
404,"337 Grassland Ct, Bluffton, IN 46714",08/25/19,Listed for sale,"$190,000 (+33.3%)"
405,"337 Grassland Ct, Bluffton, IN 46714",05/31/02,Sold,"$142,500 (+1.9%)"
406,"337 Grassland Ct, Bluffton, IN 46714",11/02/98,Sold,"$139,900 (0%)"
407,"1010 Farmington Dr, Bluffton, IN 46714",12/29/21,Sold,"$226,817 (-0.8%)"
408,"1010 Farmington Dr, Bluffton, IN 46714",12/06/21,Pending sale,"$228,651 (0%)"
409,"1010 Farmington Dr, Bluffton, IN 46714",09/30/21,Listed for sale,"$228,651 (0%)"
410,"2695 S State Road 301, Bluffton, IN 46714",01/14/09,Sold,"$10,700 (0%)"
411,"328 W Central Ave APT 8, Bluffton, IN 46714",10/01/14,Sold,"$53,200 (-15.6%)"
412,"328 W Central Ave APT 8, Bluffton, IN 46714",09/02/14,Listing removed,"$63,000 (0%)"
413,"328 W Central Ave APT 8, Bluffton, IN 46714",11/14/13,Listed for sale,"$63,000 (-5.3%)"
414,"328 W Central Ave APT 8, Bluffton, IN 46714",08/27/07,Sold,"$66,500 (+5.6%)"
415,"328 W Central Ave APT 8, Bluffton, IN 46714",09/05/02,Sold,"$63,000 (0%)"
416,"312 E South St, Bluffton, IN 46714",08/06/20,Sold,"$134,500 (-3.2%)"
417,"312 E South St, Bluffton, IN 46714",07/27/20,Listing removed,"$139,000 (0%)"
418,"312 E South St, Bluffton, IN 46714",07/02/20,Pending sale,"$139,000 (0%)"
419,"312 E South St, Bluffton, IN 46714",06/23/20,Price change,"$139,000 (-2.5%)"
420,"312 E South St, Bluffton, IN 46714",06/11/20,Price change,"$142,500 (-1.7%)"
421,"312 E South St, Bluffton, IN 46714",05/20/20,Listed for sale,"$145,000 (+46.5%)"
422,"312 E South St, Bluffton, IN 46714",09/29/07,Sold,"$99,000 (0%)"
423,"1617 W State Route 124, Bluffton, IN 46714",05/13/97,Sold,"$40,500 (0%)"
424,"18 Woodlawn St, Bluffton, IN 46714",04/07/21,Sold,"$150,000 (+15.4%)"
425,"18 Woodlawn St, Bluffton, IN 46714",03/10/21,Pending sale,"$130,000 (0%)"
426,"18 Woodlawn St, Bluffton, IN 46714",03/09/21,Listed for sale,"$130,000 (+23.8%)"
427,"18 Woodlawn St, Bluffton, IN 46714",05/03/18,Sold,"$105,000 (+43.8%)"
428,"18 Woodlawn St, Bluffton, IN 46714",01/09/09,Sold,"$73,000 (-35.7%)"
429,"18 Woodlawn St, Bluffton, IN 46714",07/23/08,Sold,"$113,594 (0%)"
430,"2380 N 300 W, Bluffton, IN 46714",05/01/07,Sold,"$85,000 (0%)"
431,"122 E Horton St, Bluffton, IN 46714",12/12/01,Sold,"$51,000 (0%)"
432,"17 Sunset Dr, Bluffton, IN 46714",04/30/21,Sold,"$118,000 (+19.8%)"
433,"17 Sunset Dr, Bluffton, IN 46714",02/10/19,Listing removed,"$98,500 (0%)"
434,"17 Sunset Dr, Bluffton, IN 46714",01/09/19,Listed for sale,"$98,500 (+66.9%)"
435,"17 Sunset Dr, Bluffton, IN 46714",09/20/13,Sold,"$59,000 (-9.2%)"
436,"17 Sunset Dr, Bluffton, IN 46714",08/20/13,Listed for sale,"$65,000 (0%)"
437,"1009 Sherwood Dr, Bluffton, IN 46714",08/26/14,Sold,"$121,500 (-4.7%)"
438,"1009 Sherwood Dr, Bluffton, IN 46714",07/09/14,Listing removed,"$127,500 (0%)"
439,"1009 Sherwood Dr, Bluffton, IN 46714",11/13/13,Listed for sale,"$127,500 (+82.1%)"
440,"1009 Sherwood Dr, Bluffton, IN 46714",08/07/13,Sold,"$70,000 (-4.2%)"
441,"1009 Sherwood Dr, Bluffton, IN 46714",04/24/13,Sold,"$73,100 (-32%)"
442,"1009 Sherwood Dr, Bluffton, IN 46714",09/28/01,Sold,"$107,500 (0%)"
443,"154 E Linn Rd, Bluffton, IN 46714",01/15/16,Sold,"$50,000 (-9.1%)"
444,"154 E Linn Rd, Bluffton, IN 46714",12/15/15,Listing removed,"$55,000 (0%)"
445,"154 E Linn Rd, Bluffton, IN 46714",11/16/15,Listed for sale,"$55,000 (-24.6%)"
446,"154 E Linn Rd, Bluffton, IN 46714",06/06/13,Listing removed,"$72,900 (0%)"
447,"154 E Linn Rd, Bluffton, IN 46714",04/27/13,Price change,"$72,900 (+7.4%)"
448,"154 E Linn Rd, Bluffton, IN 46714",01/29/13,Price change,"$67,900 (-2.9%)"
449,"154 E Linn Rd, Bluffton, IN 46714",10/15/12,Price change,"$69,900 (-8%)"
450,"226 W Cherry St, Bluffton, IN 46714",05/09/11,Sold,"$50,000 (-9.1%)"
451,"226 W Cherry St, Bluffton, IN 46714",04/03/11,Listing removed,"$55,000 (0%)"
452,"226 W Cherry St, Bluffton, IN 46714",10/29/10,Price change,"$55,000 (-3.5%)"
453,"226 W Cherry St, Bluffton, IN 46714",08/06/10,Listed for sale,"$57,000 (0%)"
454,"320 Northwood Dr, Bluffton, IN 46714",09/18/19,Sold,"$265,000 (0%)"
455,"320 Northwood Dr, Bluffton, IN 46714",08/02/19,Listing removed,"$265,000 (0%)"
456,"320 Northwood Dr, Bluffton, IN 46714",08/02/19,Price change,"$265,000 (+1.9%)"
457,"320 Northwood Dr, Bluffton, IN 46714",07/29/19,Listed for sale,"$260,000 (+48.6%)"
458,"320 Northwood Dr, Bluffton, IN 46714",11/01/11,Sold,"$175,000 (-5.4%)"
459,"320 Northwood Dr, Bluffton, IN 46714",07/12/96,Sold,"$185,000 (0%)"
460,"1025 W Central Ave, Bluffton, IN 46714",01/27/20,Sold,"$6,000 (0%)"
461,"1250 Virginia Ct, Bluffton, IN 46714",08/14/09,Sold,"$121,900 (0%)"
462,"3194 E 400 N, Bluffton, IN 46714",06/04/98,Sold,"$135,000 (0%)"
463,"2150 Red Oak Ct, Bluffton, IN 46714",08/10/21,Sold,"$320,000 (-4.5%)"
464,"2150 Red Oak Ct, Bluffton, IN 46714",07/19/21,Pending sale,"$335,000 (0%)"
465,"2150 Red Oak Ct, Bluffton, IN 46714",05/05/21,Listed for sale,"$335,000 (+31.4%)"
466,"2150 Red Oak Ct, Bluffton, IN 46714",06/05/19,Sold,"$255,000 (-3.7%)"
467,"2150 Red Oak Ct, Bluffton, IN 46714",05/10/19,Listing removed,"$264,900 (0%)"
468,"2150 Red Oak Ct, Bluffton, IN 46714",10/17/18,Price change,"$264,900 (-3.6%)"
469,"2150 Red Oak Ct, Bluffton, IN 46714",06/20/18,Listed for sale,"$274,900 (0%)"
470,"1249 Manor Dr, Bluffton, IN 46714",01/10/22,Sold,"$187,500 (+1.4%)"
471,"1249 Manor Dr, Bluffton, IN 46714",12/06/21,Pending sale,"$185,000 (0%)"
472,"1249 Manor Dr, Bluffton, IN 46714",12/02/21,Listed for sale,"$185,000 (+44.5%)"
473,"1249 Manor Dr, Bluffton, IN 46714",10/31/13,Sold,"$128,000 (-1.5%)"
474,"1249 Manor Dr, Bluffton, IN 46714",07/19/13,Listed for sale,"$130,000 (0%)"
475,"1007 S Morgan St, Bluffton, IN 46714",06/30/21,Sold,"$112,000 (-2.6%)"
476,"1007 S Morgan St, Bluffton, IN 46714",05/27/21,Pending sale,"$115,000 (0%)"
477,"1007 S Morgan St, Bluffton, IN 46714",05/25/21,Listed for sale,"$115,000 (+24.3%)"
478,"1007 S Morgan St, Bluffton, IN 46714",12/05/18,Listing removed,"$92,500 (0%)"
479,"1007 S Morgan St, Bluffton, IN 46714",10/27/18,Price change,"$92,500 (-1.1%)"
480,"1007 S Morgan St, Bluffton, IN 46714",10/17/18,Price change,"$93,500 (-1.1%)"
481,"1007 S Morgan St, Bluffton, IN 46714",10/13/18,Price change,"$94,500 (-1%)"
482,"211 E Wiley Ave, Bluffton, IN 46714",07/20/15,Listing removed,"$129,500 (0%)"
483,"211 E Wiley Ave, Bluffton, IN 46714",07/14/15,Listed for sale,"$129,500 (0%)"
484,"267 W State Route 124, Bluffton, IN 46714",08/03/17,Listing removed,"$279,000 (0%)"
485,"267 W State Route 124, Bluffton, IN 46714",07/06/17,Listed for sale,"$279,000 (0%)"
486,"1720 N Fairway Ln, Bluffton, IN 46714",12/12/19,Listing removed,"$279,000 (0%)"
487,"1720 N Fairway Ln, Bluffton, IN 46714",11/25/19,Price change,"$279,000 (-5.4%)"
488,"1720 N Fairway Ln, Bluffton, IN 46714",10/30/19,Price change,"$295,000 (-4.8%)"
489,"1720 N Fairway Ln, Bluffton, IN 46714",09/19/19,Listed for sale,"$309,900 (0%)"
490,"205 E South St, Bluffton, IN 46714",03/05/21,Sold,"$92,500 (-2.6%)"
491,"205 E South St, Bluffton, IN 46714",01/12/21,Pending sale,"$95,000 (0%)"
492,"205 E South St, Bluffton, IN 46714",01/12/21,Listed for sale,"$95,000 (0%)"
493,"205 E South St, Bluffton, IN 46714",01/05/21,Listing removed,"$95,000 (0%)"
494,"205 E South St, Bluffton, IN 46714",12/10/20,Listed for sale,"$95,000 (0%)"
495,"2218 N Oak Dr, Bluffton, IN 46714",08/12/19,Sold,"$240,000 (0%)"
496,"2218 N Oak Dr, Bluffton, IN 46714",07/05/19,Listing removed,"$240,000 (0%)"
497,"2218 N Oak Dr, Bluffton, IN 46714",07/02/19,Listed for sale,"$240,000 (0%)"
498,"184 E 100 S, Bluffton, IN 46714",04/05/19,Sold,"$87,900 (-2.6%)"
499,"184 E 100 S, Bluffton, IN 46714",06/29/12,Sold,"$90,267 (0%)"
500,"314 W Cherry St, Bluffton, IN 46714",10/30/20,Sold,"$74,500 (-6.9%)"
501,"314 W Cherry St, Bluffton, IN 46714",09/24/20,Listing removed,"$80,000 (0%)"
502,"314 W Cherry St, Bluffton, IN 46714",08/22/20,Listed for sale,"$80,000 (+185.7%)"
503,"314 W Cherry St, Bluffton, IN 46714",09/24/12,Sold,"$28,000 (-51.3%)"
504,"314 W Cherry St, Bluffton, IN 46714",02/08/12,Listing removed,-- (0%)
505,"314 W Cherry St, Bluffton, IN 46714",02/01/12,Listed for sale,-- (0%)
506,"314 W Cherry St, Bluffton, IN 46714",01/11/12,Sold,"$57,538 (0%)"
507,"1599 SE State Route 116, Bluffton, IN 46714",02/01/10,Sold,"$83,000 (0%)"
508,"225 W Townley St, Bluffton, IN 46714",08/01/12,Listing removed,"$66,500 (0%)"
509,"225 W Townley St, Bluffton, IN 46714",05/21/12,Listed for sale,"$66,500 (0%)"
510,"1310 Orchard View Dr, Bluffton, IN 46714",08/21/02,Sold,"$127,000 (0%)"
511,"27 Sunrise Way, Bluffton, IN 46714",06/04/21,Sold,"$163,000 (+1.9%)"
512,"27 Sunrise Way, Bluffton, IN 46714",05/07/21,Pending sale,"$160,000 (0%)"
513,"27 Sunrise Way, Bluffton, IN 46714",05/04/21,Price change,"$160,000 (+0.2%)"
514,"27 Sunrise Way, Bluffton, IN 46714",05/04/21,Listed for sale,"$159,700 (0%)"
515,"27 Sunrise Way, Bluffton, IN 46714",03/19/21,Pending sale,"$159,700 (0%)"
516,"27 Sunrise Way, Bluffton, IN 46714",03/18/21,Listed for sale,"$159,700 (+107.7%)"
517,"27 Sunrise Way, Bluffton, IN 46714",08/05/14,Listing removed,"$76,900 (0%)"
518,"1128 W Wiley Ave, Bluffton, IN 46714",05/30/13,Listing removed,"$65,000 (0%)"
519,"1128 W Wiley Ave, Bluffton, IN 46714",03/13/13,Price change,"$65,000 (-6.5%)"
520,"1128 W Wiley Ave, Bluffton, IN 46714",02/12/13,Listed for sale,"$69,500 (-0.6%)"
521,"1128 W Wiley Ave, Bluffton, IN 46714",12/16/12,Listing removed,"$69,900 (0%)"
522,"1128 W Wiley Ave, Bluffton, IN 46714",09/15/12,Price change,"$69,900 (-9.8%)"
523,"1128 W Wiley Ave, Bluffton, IN 46714",03/16/12,Listed for sale,"$77,500 (0%)"
524,"1430 W Central Ave, Bluffton, IN 46714",06/10/16,Sold,"$80,000 (0%)"
525,"1430 W Central Ave, Bluffton, IN 46714",05/16/16,Listing removed,"$80,000 (0%)"
526,"1430 W Central Ave, Bluffton, IN 46714",05/13/16,Listed for sale,"$80,000 (+37.9%)"
527,"1430 W Central Ave, Bluffton, IN 46714",08/01/08,Sold,"$58,000 (0%)"
528,"216 S Baldwin St, Bluffton, IN 46714",10/27/11,Sold,"$635,000 (0%)"
529,"1540 Shadow Run Trl, Bluffton, IN 46714",09/24/20,Sold,"$334,500 (0%)"
530,"1540 Shadow Run Trl, Bluffton, IN 46714",08/22/20,Listing removed,"$334,500 (0%)"
531,"1540 Shadow Run Trl, Bluffton, IN 46714",08/12/20,Listed for sale,"$334,500 (0%)"
532,"1560 Wheatfield Ct, Bluffton, IN 46714",10/31/12,Listing removed,"$137,500 (0%)"
533,"1560 Wheatfield Ct, Bluffton, IN 46714",10/01/12,Pending sale,"$137,500 (0%)"
534,"1560 Wheatfield Ct, Bluffton, IN 46714",07/17/12,Listed for sale,"$137,500 (0%)"
535,"1408 Brookhaven Ct, Bluffton, IN 46714",07/15/20,Listing removed,"$196,000 (0%)"
536,"1408 Brookhaven Ct, Bluffton, IN 46714",06/03/20,Pending sale,"$196,000 (0%)"
537,"1408 Brookhaven Ct, Bluffton, IN 46714",06/03/20,Listed for sale,"$196,000 (0%)"
538,"140 S 800 E, Bluffton, IN 46714",06/06/18,Listing removed,"$335,000 (0%)"
539,"140 S 800 E, Bluffton, IN 46714",05/03/18,Listed for sale,"$335,000 (0%)"
540,"115 E Central Ave, Bluffton, IN 46714",01/17/97,Sold,"$48,000 (0%)"
541,"1316 Garr St, Bluffton, IN 46714",12/04/20,Sold,"$105,000 (-7.1%)"
542,"1316 Garr St, Bluffton, IN 46714",11/09/20,Pending sale,"$113,000 (0%)"
543,"1316 Garr St, Bluffton, IN 46714",10/23/20,Price change,"$113,000 (-4.6%)"
544,"1316 Garr St, Bluffton, IN 46714",10/08/20,Price change,"$118,500 (-3.3%)"
545,"1316 Garr St, Bluffton, IN 46714",09/25/20,Price change,"$122,500 (-4.1%)"
546,"1316 Garr St, Bluffton, IN 46714",09/14/20,Price change,"$127,800 (-5.3%)"
547,"1316 Garr St, Bluffton, IN 46714",09/08/20,Listed for sale,"$134,900 (0%)"
548,"132 Willowbrook Trl, Bluffton, IN 46714",10/05/98,Sold,"$90,000 (0%)"
549,"1135 Fawncrest Ct, Bluffton, IN 46714",11/17/21,Listing removed,"$294,900 (0%)"
550,"1135 Fawncrest Ct, Bluffton, IN 46714",09/24/21,Listed for sale,"$294,900 (+18%)"
551,"1135 Fawncrest Ct, Bluffton, IN 46714",08/17/18,Listing removed,"$250,000 (0%)"
552,"1135 Fawncrest Ct, Bluffton, IN 46714",05/08/18,Listed for sale,"$250,000 (+34.3%)"
553,"1135 Fawncrest Ct, Bluffton, IN 46714",01/11/07,Sold,"$186,138 (0%)"
554,"2060 Fieldcrest Dr, Bluffton, IN 46714",04/01/12,Listing removed,"$145,000 (0%)"
555,"2060 Fieldcrest Dr, Bluffton, IN 46714",01/18/12,Listed for sale,"$145,000 (0%)"
556,"2060 Fieldcrest Dr, Bluffton, IN 46714",11/02/11,Listing removed,"$145,000 (0%)"
557,"2060 Fieldcrest Dr, Bluffton, IN 46714",10/26/11,Price change,"$145,000 (-1.7%)"
558,"2060 Fieldcrest Dr, Bluffton, IN 46714",09/28/11,Listed for sale,"$147,500 (0%)"
559,"1554 Kensington Dr, Bluffton, IN 46714",09/23/08,Sold,"$196,000 (+686%)"
560,"1554 Kensington Dr, Bluffton, IN 46714",08/13/07,Sold,"$24,935 (0%)"
561,"1949 S Pleasant Haven Ct, Bluffton, IN 46714",02/04/20,Listing removed,"$157,500 (0%)"
562,"1949 S Pleasant Haven Ct, Bluffton, IN 46714",02/01/20,Price change,"$157,500 (-1.6%)"
563,"1949 S Pleasant Haven Ct, Bluffton, IN 46714",01/09/20,Listed for sale,"$160,000 (+13.1%)"
564,"1949 S Pleasant Haven Ct, Bluffton, IN 46714",05/27/15,Listing removed,"$141,500 (0%)"
565,"1949 S Pleasant Haven Ct, Bluffton, IN 46714",05/07/15,Price change,"$141,500 (-2.1%)"
566,"1949 S Pleasant Haven Ct, Bluffton, IN 46714",04/11/15,Listed for sale,"$144,500 (+3.2%)"
567,"1949 S Pleasant Haven Ct, Bluffton, IN 46714",10/24/12,Listing removed,"$140,000 (0%)"
568,"2767 N 300 W, Bluffton, IN 46714",04/25/16,Listing removed,"$214,900 (0%)"
569,"2767 N 300 W, Bluffton, IN 46714",04/08/16,Listed for sale,"$214,900 (0%)"
570,"310 Elm Grove Rd, Bluffton, IN 46714",03/07/94,Sold,"$81,000 (0%)"
571,"324 W South St, Bluffton, IN 46714",09/21/15,Sold,"$23,000 (0%)"
572,"202 Oak Forest Dr, Bluffton, IN 46714",11/07/08,Sold,"$258,900 (0%)"
573,"213 E Perry St, Bluffton, IN 46714",05/22/15,Sold,"$64,300 (-8.1%)"
574,"213 E Perry St, Bluffton, IN 46714",04/25/15,Listed for sale,"$70,000 (0%)"
575,"213 E Perry St, Bluffton, IN 46714",03/24/15,Listing removed,"$70,000 (0%)"
576,"213 E Perry St, Bluffton, IN 46714",03/14/15,Listed for sale,"$70,000 (0%)"
577,"213 E Perry St, Bluffton, IN 46714",12/14/13,Listing removed,"$70,000 (0%)"
578,"213 E Perry St, Bluffton, IN 46714",06/18/13,Listed for sale,"$70,000 (0%)"
579,"1005 Abbey Ln, Bluffton, IN 46714",04/25/97,Sold,"$104,170 (0%)"
580,"2284 N Oak Dr, Bluffton, IN 46714",08/13/21,Sold,"$310,000 (+5.1%)"
581,"2284 N Oak Dr, Bluffton, IN 46714",07/05/21,Pending sale,"$295,000 (0%)"
582,"2284 N Oak Dr, Bluffton, IN 46714",06/30/21,Listed for sale,"$295,000 (+40.5%)"
583,"2284 N Oak Dr, Bluffton, IN 46714",04/21/15,Listing removed,"$210,000 (0%)"
584,"2284 N Oak Dr, Bluffton, IN 46714",03/19/15,Pending sale,"$210,000 (0%)"
585,"2284 N Oak Dr, Bluffton, IN 46714",02/16/15,Listed for sale,"$210,000 (+8.8%)"
586,"2284 N Oak Dr, Bluffton, IN 46714",06/01/11,Sold,"$193,000 (0%)"
587,"1541 Shadow Run Trl, Bluffton, IN 46714",08/16/18,Sold,"$278,000 (-4.1%)"
588,"1541 Shadow Run Trl, Bluffton, IN 46714",07/27/18,Listing removed,"$290,000 (0%)"
589,"1541 Shadow Run Trl, Bluffton, IN 46714",07/17/18,Price change,"$290,000 (-0.2%)"
590,"1541 Shadow Run Trl, Bluffton, IN 46714",07/11/18,Price change,"$290,500 (-0.2%)"
591,"1541 Shadow Run Trl, Bluffton, IN 46714",06/22/18,Price change,"$291,000 (-0.2%)"
592,"1541 Shadow Run Trl, Bluffton, IN 46714",06/12/18,Listed for sale,"$291,500 (0%)"
593,"212 Lindenwood Dr, Bluffton, IN 46714",07/21/17,Sold,"$190,000 (0%)"
594,"212 Lindenwood Dr, Bluffton, IN 46714",06/15/17,Listing removed,"$190,000 (0%)"
595,"212 Lindenwood Dr, Bluffton, IN 46714",06/12/17,Listed for sale,"$190,000 (0%)"
596,"212 Lindenwood Dr, Bluffton, IN 46714",05/10/17,Listed for sale,"$190,000 (-1.6%)"
597,"212 Lindenwood Dr, Bluffton, IN 46714",03/09/17,Listing removed,"$193,000 (0%)"
598,"212 Lindenwood Dr, Bluffton, IN 46714",01/03/17,Listed for sale,"$193,000 (+5.2%)"
599,"212 Lindenwood Dr, Bluffton, IN 46714",05/28/14,Listing removed,"$183,500 (0%)"
600,"256 E Dustman Rd, Bluffton, IN 46714",07/18/08,Sold,"$90,000 (0%)"
601,"1941 S No Number Rd, Bluffton, IN 46714",10/15/13,Sold,"$96,573 (+34.1%)"
602,"1941 S No Number Rd, Bluffton, IN 46714",12/07/98,Sold,"$72,000 (0%)"
603,"1346 Manor Dr, Bluffton, IN 46714",09/24/21,Sold,"$135,000 (-12.9%)"
604,"1346 Manor Dr, Bluffton, IN 46714",08/24/21,Pending sale,"$155,000 (0%)"
605,"1346 Manor Dr, Bluffton, IN 46714",08/16/21,Listed for sale,"$155,000 (0%)"
606,"1408 Deerbrook Ct, Bluffton, IN 46714",12/29/17,Listing removed,"$149,900 (0%)"
607,"1408 Deerbrook Ct, Bluffton, IN 46714",11/02/17,Price change,"$149,900 (-3%)"
608,"1408 Deerbrook Ct, Bluffton, IN 46714",10/17/17,Listed for sale,"$154,500 (+18.8%)"
609,"1408 Deerbrook Ct, Bluffton, IN 46714",01/09/14,Sold,"$130,000 (-6.8%)"
610,"1408 Deerbrook Ct, Bluffton, IN 46714",12/03/13,Pending sale,"$139,500 (0%)"
611,"1408 Deerbrook Ct, Bluffton, IN 46714",10/31/13,Listed for sale,"$139,500 (+24%)"
612,"1408 Deerbrook Ct, Bluffton, IN 46714",10/18/99,Sold,"$112,500 (0%)"
613,"218 Hickory Knoll Dr, Bluffton, IN 46714",08/04/16,Sold,"$134,000 (-0.7%)"
614,"218 Hickory Knoll Dr, Bluffton, IN 46714",11/05/15,Listing removed,"$135,000 (0%)"
615,"218 Hickory Knoll Dr, Bluffton, IN 46714",07/27/15,Price change,"$135,000 (-3.2%)"
616,"218 Hickory Knoll Dr, Bluffton, IN 46714",07/07/15,Listed for sale,"$139,500 (0%)"
617,"1122 W Washington St, Bluffton, IN 46714",09/12/08,Sold,"$19,000 (0%)"
618,"303 W Wabash St APT 1, Bluffton, IN 46714",01/05/19,Listing removed,$600 (0%)
619,"303 W Wabash St APT 1, Bluffton, IN 46714",12/20/18,Listed for rent,$600 (0%)
620,"1144 Wildwood Ln, Bluffton, IN 46714",02/02/21,Sold,"$260,000 (-5.5%)"
621,"1144 Wildwood Ln, Bluffton, IN 46714",01/12/21,Pending sale,"$275,000 (0%)"
622,"1144 Wildwood Ln, Bluffton, IN 46714",10/06/20,Price change,"$275,000 (-3.5%)"
623,"1144 Wildwood Ln, Bluffton, IN 46714",08/21/20,Listed for sale,"$285,000 (-4.7%)"
624,"1144 Wildwood Ln, Bluffton, IN 46714",05/18/20,Listing removed,"$299,000 (0%)"
625,"1144 Wildwood Ln, Bluffton, IN 46714",04/28/20,Price change,"$299,000 (-3.4%)"
626,"1144 Wildwood Ln, Bluffton, IN 46714",11/25/19,Price change,"$309,500 (-3.3%)"
627,"1010 W Washington St, Bluffton, IN 46714",02/24/18,Listing removed,"$27,900 (0%)"
628,"1010 W Washington St, Bluffton, IN 46714",01/19/18,Price change,"$27,900 (-12.5%)"
629,"1010 W Washington St, Bluffton, IN 46714",08/29/17,Price change,"$31,900 (-3%)"
630,"1010 W Washington St, Bluffton, IN 46714",05/23/17,Price change,"$32,900 (-5.7%)"
631,"1010 W Washington St, Bluffton, IN 46714",03/13/17,Listed for sale,"$34,900 (-45.5%)"
632,"1010 W Washington St, Bluffton, IN 46714",05/02/15,Listing removed,"$64,000 (0%)"
633,"1010 W Washington St, Bluffton, IN 46714",02/17/15,Listed for sale,"$64,000 (+119.9%)"
634,"1002 S Williams St, Bluffton, IN 46714",06/06/16,Listing removed,"$80,000 (0%)"
635,"1002 S Williams St, Bluffton, IN 46714",05/24/16,Listed for sale,"$80,000 (0%)"
636,"2504 S 200 W, Bluffton, IN 46714",12/03/18,Listing removed,"$99,500 (0%)"
637,"2504 S 200 W, Bluffton, IN 46714",10/16/18,Price change,"$99,500 (-6.6%)"
638,"2504 S 200 W, Bluffton, IN 46714",08/21/18,Price change,"$106,500 (-6.2%)"
639,"2504 S 200 W, Bluffton, IN 46714",08/13/18,Price change,"$113,500 (-5.4%)"
640,"2504 S 200 W, Bluffton, IN 46714",07/09/18,Listed for sale,"$120,000 (+50.9%)"
641,"2504 S 200 W, Bluffton, IN 46714",02/22/02,Sold,"$79,500 (0%)"
642,"1008 S Morgan St, Bluffton, IN 46714",05/07/21,Sold,"$130,000 (-3.7%)"
643,"1008 S Morgan St, Bluffton, IN 46714",04/14/21,Pending sale,"$135,000 (0%)"
644,"1008 S Morgan St, Bluffton, IN 46714",04/08/21,Listed for sale,"$135,000 (+66.7%)"
645,"1008 S Morgan St, Bluffton, IN 46714",12/27/18,Sold,"$81,000 (-4.6%)"
646,"1008 S Morgan St, Bluffton, IN 46714",11/08/18,Listed for sale,"$84,900 (+17.9%)"
647,"1008 S Morgan St, Bluffton, IN 46714",04/25/15,Listing removed,"$72,000 (0%)"
648,"1008 S Morgan St, Bluffton, IN 46714",11/21/14,Listed for sale,"$72,000 (-8.9%)"
649,"215 Columbian Ave, Bluffton, IN 46714",05/24/19,Sold,"$114,000 (-4.9%)"
650,"215 Columbian Ave, Bluffton, IN 46714",04/22/19,Listing removed,"$119,900 (0%)"
651,"215 Columbian Ave, Bluffton, IN 46714",03/12/19,Price change,"$119,900 (-2.9%)"
652,"215 Columbian Ave, Bluffton, IN 46714",01/17/19,Listed for sale,"$123,500 (+94.3%)"
653,"215 Columbian Ave, Bluffton, IN 46714",05/23/18,Sold,"$63,576 (-2.7%)"
654,"215 Columbian Ave, Bluffton, IN 46714",04/13/18,Listing removed,"$65,340 (0%)"
655,"215 Columbian Ave, Bluffton, IN 46714",04/10/18,Listed for sale,"$65,340 (-7%)"
656,"1733 W 300 N, Bluffton, IN 46714",03/13/07,Sold,"$119,000 (0%)"
657,"2937 W State Route 218, Bluffton, IN 46714",10/19/20,Listing removed,"$260,000 (0%)"
658,"2937 W State Route 218, Bluffton, IN 46714",10/16/20,Price change,"$260,000 (-1.9%)"
659,"2937 W State Route 218, Bluffton, IN 46714",09/30/20,Price change,"$265,000 (-1.9%)"
660,"2937 W State Route 218, Bluffton, IN 46714",09/19/20,Listed for sale,"$270,000 (0%)"
661,"1608 S Wayne St, Bluffton, IN 46714",12/17/18,Listing removed,$650 (0%)
662,"1608 S Wayne St, Bluffton, IN 46714",12/03/18,Listed for rent,$650 (0%)
663,"324 E Wiley Ave, Bluffton, IN 46714",04/02/13,Listing removed,"$79,500 (0%)"
664,"324 E Wiley Ave, Bluffton, IN 46714",02/22/13,Pending sale,"$79,500 (0%)"
665,"324 E Wiley Ave, Bluffton, IN 46714",02/06/13,Listed for sale,"$79,500 (0%)"
666,"324 E Wiley Ave, Bluffton, IN 46714",02/05/13,Pending sale,"$79,500 (0%)"
667,"324 E Wiley Ave, Bluffton, IN 46714",01/18/13,Listed for sale,"$79,500 (-7%)"
668,"324 E Wiley Ave, Bluffton, IN 46714",06/11/12,Pending sale,"$85,500 (0%)"
669,"324 E Wiley Ave, Bluffton, IN 46714",05/31/12,Listed for sale,"$85,500 (-7.6%)"
670,"1204 Sunnyglenn Ct, Bluffton, IN 46714",03/18/19,Sold,"$79,900 (0%)"
671,"1204 Sunnyglenn Ct, Bluffton, IN 46714",02/12/19,Listing removed,"$79,900 (0%)"
672,"1204 Sunnyglenn Ct, Bluffton, IN 46714",02/02/19,Listed for sale,"$79,900 (+22.9%)"
673,"1204 Sunnyglenn Ct, Bluffton, IN 46714",12/18/13,Listing removed,"$65,000 (0%)"
674,"1204 Sunnyglenn Ct, Bluffton, IN 46714",10/09/13,Pending sale,"$65,000 (0%)"
675,"1204 Sunnyglenn Ct, Bluffton, IN 46714",09/04/13,Price change,"$65,000 (-2.3%)"
676,"1204 Sunnyglenn Ct, Bluffton, IN 46714",06/05/13,Price change,"$66,500 (-4.3%)"
677,"1228 W South St, Bluffton, IN 46714",11/14/17,Listing removed,"$50,000 (0%)"
678,"1228 W South St, Bluffton, IN 46714",11/03/17,Price change,"$50,000 (-7.4%)"
679,"1228 W South St, Bluffton, IN 46714",09/26/17,Price change,"$54,000 (-3.6%)"
680,"1228 W South St, Bluffton, IN 46714",09/11/17,Price change,"$56,000 (-2.6%)"
681,"1228 W South St, Bluffton, IN 46714",08/18/17,Price change,"$57,500 (-4.2%)"
682,"1228 W South St, Bluffton, IN 46714",07/26/17,Price change,"$60,000 (-7.7%)"
683,"1228 W South St, Bluffton, IN 46714",07/10/17,Listed for sale,"$65,000 (0%)"
684,"1800 E 250 N, Bluffton, IN 46714",07/06/20,Sold,"$225,000 (-2.1%)"
685,"1800 E 250 N, Bluffton, IN 46714",06/06/20,Pending sale,"$229,900 (0%)"
686,"1800 E 250 N, Bluffton, IN 46714",05/21/20,Listed for sale,"$229,900 (-3.8%)"
687,"1800 E 250 N, Bluffton, IN 46714",04/11/19,Listing removed,"$239,000 (0%)"
688,"1800 E 250 N, Bluffton, IN 46714",04/02/19,Listed for sale,"$239,000 (+35%)"
689,"1800 E 250 N, Bluffton, IN 46714",12/07/18,Listing removed,"$177,000 (0%)"
690,"1800 E 250 N, Bluffton, IN 46714",11/19/18,Price change,"$177,000 (-7.3%)"
691,"1123 S Jersey St, Bluffton, IN 46714",07/31/19,Sold,"$26,500 (0%)"
692,"327 W South St, Bluffton, IN 46714",02/06/18,Listing removed,"$71,500 (0%)"
693,"327 W South St, Bluffton, IN 46714",11/08/17,Listed for sale,"$71,500 (+2.9%)"
694,"327 W South St, Bluffton, IN 46714",11/19/15,Listing removed,"$69,500 (0%)"
695,"327 W South St, Bluffton, IN 46714",09/10/15,Listed for sale,"$69,500 (0%)"
696,"327 W South St, Bluffton, IN 46714",07/30/15,Listing removed,"$69,500 (0%)"
697,"327 W South St, Bluffton, IN 46714",05/17/15,Listed for sale,"$69,500 (+51.1%)"
698,"327 W South St, Bluffton, IN 46714",12/07/98,Sold,"$46,000 (0%)"
699,"1413 Parlor City Dr, Bluffton, IN 46714",09/09/02,Sold,"$170,000 (0%)"
700,"1643 N William Wells Cir, Bluffton, IN 46714",05/15/07,Sold,"$187,500 (0%)"
701,"119 E Townley St, Bluffton, IN 46714",04/27/11,Sold,"$60,000 (-17.2%)"
702,"119 E Townley St, Bluffton, IN 46714",11/18/10,Listing removed,"$72,500 (0%)"
703,"119 E Townley St, Bluffton, IN 46714",10/21/10,Price change,"$72,500 (-6.5%)"
704,"119 E Townley St, Bluffton, IN 46714",08/19/10,Listed for sale,"$77,500 (0%)"
705,"127 E Central Ave, Bluffton, IN 46714",08/29/00,Sold,"$70,000 (0%)"
706,"1422 Bell Brook Blvd, Bluffton, IN 46714",09/12/00,Sold,"$167,500 (0%)"
707,"226 Willowbrook Trl, Bluffton, IN 46714",04/22/16,Sold,"$125,000 (+32.3%)"
708,"226 Willowbrook Trl, Bluffton, IN 46714",06/19/96,Sold,"$94,500 (0%)"
709,"310 Toll Cir, Bluffton, IN 46714",02/07/20,Sold,"$165,000 (-2.9%)"
710,"310 Toll Cir, Bluffton, IN 46714",12/30/19,Listing removed,"$170,000 (0%)"
711,"310 Toll Cir, Bluffton, IN 46714",12/06/19,Listed for sale,"$170,000 (+13.3%)"
712,"310 Toll Cir, Bluffton, IN 46714",05/23/17,Sold,"$150,000 (0%)"
713,"310 Toll Cir, Bluffton, IN 46714",04/12/17,Listing removed,"$150,000 (0%)"
714,"310 Toll Cir, Bluffton, IN 46714",04/11/17,Listed for sale,"$150,000 (+36.9%)"
715,"310 Toll Cir, Bluffton, IN 46714",12/23/16,Listing removed,"$109,574 (+38.7%)"
716,"2243 SE State Route 116, Bluffton, IN 46714",06/16/14,Sold,"$4,200 (0%)"
717,"319 E Central Ave, Bluffton, IN 46714",05/06/09,Sold,"$28,000 (0%)"
718,"319 E Central Ave, Bluffton, IN 46714",03/17/08,Sold,"$28,000 (-1.5%)"
719,"319 E Central Ave, Bluffton, IN 46714",11/07/07,Sold,"$28,425 (0%)"
720,"106 Briarcrest Pl, Bluffton, IN 46714",07/10/14,Sold,"$107,000 (-10.8%)"
721,"106 Briarcrest Pl, Bluffton, IN 46714",05/28/14,Price change,"$120,000 (-6.2%)"
722,"106 Briarcrest Pl, Bluffton, IN 46714",05/06/14,Price change,"$127,900 (-5.3%)"
723,"106 Briarcrest Pl, Bluffton, IN 46714",01/31/14,Price change,"$135,000 (-2.9%)"
724,"106 Briarcrest Pl, Bluffton, IN 46714",12/06/13,Price change,"$139,000 (-4.1%)"
725,"106 Briarcrest Pl, Bluffton, IN 46714",10/22/13,Price change,"$145,000 (-3%)"
726,"106 Briarcrest Pl, Bluffton, IN 46714",10/06/13,Price change,"$149,500 (-2%)"
727,"1505 Bell Brook Ct, Bluffton, IN 46714",09/09/99,Sold,"$27,000 (0%)"
728,"1426 Brookhaven Ct, Bluffton, IN 46714",04/01/98,Sold,"$100,000 (0%)"
729,"1516 S Sutton Circle Dr, Bluffton, IN 46714",02/12/16,Sold,"$145,000 (-3%)"
730,"1516 S Sutton Circle Dr, Bluffton, IN 46714",01/19/16,Listing removed,"$149,500 (0%)"
731,"1516 S Sutton Circle Dr, Bluffton, IN 46714",01/14/16,Listed for sale,"$149,500 (+20.1%)"
732,"1516 S Sutton Circle Dr, Bluffton, IN 46714",12/11/07,Sold,"$124,500 (+58.6%)"
733,"1516 S Sutton Circle Dr, Bluffton, IN 46714",02/23/07,Sold,"$78,500 (0%)"
734,"1430 Hi Lo Dr, Bluffton, IN 46714",01/14/14,Listing removed,"$69,900 (0%)"
735,"1430 Hi Lo Dr, Bluffton, IN 46714",11/04/13,Pending sale,"$69,900 (0%)"
736,"1430 Hi Lo Dr, Bluffton, IN 46714",06/18/13,Listed for sale,"$69,900 (-0.1%)"
737,"1430 Hi Lo Dr, Bluffton, IN 46714",04/28/13,Listing removed,"$70,000 (0%)"
738,"1430 Hi Lo Dr, Bluffton, IN 46714",11/21/12,Listed for sale,"$70,000 (+28.4%)"
739,"1430 Hi Lo Dr, Bluffton, IN 46714",11/21/02,Sold,"$54,500 (0%)"
740,"1010 W Wabash St, Bluffton, IN 46714",03/24/18,Sold,"$60,000 (-4.8%)"
741,"1010 W Wabash St, Bluffton, IN 46714",02/21/18,Price change,"$63,000 (-3.1%)"
742,"1010 W Wabash St, Bluffton, IN 46714",08/18/17,Listed for sale,"$65,000 (0%)"
743,"1010 W Wabash St, Bluffton, IN 46714",06/07/17,Listing removed,"$65,000 (0%)"
744,"1010 W Wabash St, Bluffton, IN 46714",01/13/17,Listed for sale,"$65,000 (0%)"
745,"1010 W Wabash St, Bluffton, IN 46714",02/22/16,Listing removed,"$65,000 (0%)"
746,"1010 W Wabash St, Bluffton, IN 46714",11/02/15,Price change,"$65,000 (+30%)"
747,"2413 Red Oak Ct, Bluffton, IN 46714",09/12/02,Sold,"$31,000 (0%)"
748,"1315 Hunter Rd, Bluffton, IN 46714",10/19/10,Listing removed,"$100,000 (0%)"
749,"1315 Hunter Rd, Bluffton, IN 46714",09/25/10,Listed for sale,"$100,000 (+17%)"
750,"1315 Hunter Rd, Bluffton, IN 46714",04/22/07,Sold,"$85,500 (0%)"
751,"1635 S Sutton Circle Dr, Bluffton, IN 46714",05/31/19,Listing removed,"$289,900 (0%)"
752,"1635 S Sutton Circle Dr, Bluffton, IN 46714",04/06/19,Listed for sale,"$289,900 (+56.7%)"
753,"1635 S Sutton Circle Dr, Bluffton, IN 46714",02/12/07,Sold,"$185,000 (+6%)"
754,"1635 S Sutton Circle Dr, Bluffton, IN 46714",07/06/01,Sold,"$174,500 (0%)"
755,"24 Columbian Ave, Bluffton, IN 46714",02/24/03,Sold,"$94,500 (0%)"
756,"325 N Williams St, Bluffton, IN 46714",04/27/01,Sold,"$30,000 (0%)"
