link,address,list_price,beds,baths,sqft
https://www.zillow.com/homedetails/100-W-Wabash-St-Berne-IN-46711/85083197_zpid/,"100 W Wabash St, Berne, IN 46711",,2,0,1080
https://www.zillow.com/homedetails/1002-Dearborn-St-Berne-IN-46711/85083731_zpid/,"1002 Dearborn St, Berne, IN 46711",,3,1.5,1700
https://www.zillow.com/homedetails/1005-Dearborn-St-Berne-IN-46711/85083711_zpid/,"1005 Dearborn St, Berne, IN 46711",,3,2,1746
https://www.zillow.com/homedetails/1005-E-Main-St-Berne-IN-46711/300206297_zpid/,"1005 E Main St, Berne, IN 46711",,0,0,4500
https://www.zillow.com/homedetails/1005-Mill-Pond-Rd-Berne-IN-46711/85083738_zpid/,"1005 Mill Pond Rd, Berne, IN 46711",,3,3,1548
https://www.zillow.com/homedetails/1005-W-Main-St-Berne-IN-46711/85090066_zpid/,"1005 W Main St, Berne, IN 46711",,3,1,1922
https://www.zillow.com/homedetails/1005-W-Water-St-Berne-IN-46711/227853855_zpid/,"1005 W Water St, Berne, IN 46711",,3,2.5,1800
https://www.zillow.com/homedetails/1006-E-Main-St-Berne-IN-46711/227855212_zpid/,"1006 E Main St, Berne, IN 46711",,4,2,2144
https://www.zillow.com/homedetails/1006-Mill-Pond-Rd-Berne-IN-46711/85083743_zpid/,"1006 Mill Pond Rd, Berne, IN 46711",,3,3,2028
https://www.zillow.com/homedetails/1006-W-Clark-St-Berne-IN-46711/85090044_zpid/,"1006 W Clark St, Berne, IN 46711",,3,1,936
https://www.zillow.com/homedetails/1011-E-State-Road-218-Berne-IN-46711/227854272_zpid/,"1011 E State Road 218, Berne, IN 46711",,1,0,1760
https://www.zillow.com/homedetails/1011-W-Water-St-Berne-IN-46711/2075437525_zpid/,"1011 W Water St, Berne, IN 46711",,3,3,1880
https://www.zillow.com/homedetails/1012-Dearborn-St-Berne-IN-46711/85083723_zpid/,"1012 Dearborn St, Berne, IN 46711",,3,1.5,1456
https://www.zillow.com/homedetails/1012-W-700-S-Berne-IN-46711/85083864_zpid/,"1012 W 700 S, Berne, IN 46711",,4,0,1848
https://www.zillow.com/homedetails/1012-W-Water-St-Berne-IN-46711/85090065_zpid/,"1012 W Water St, Berne, IN 46711",,3,2,1410
https://www.zillow.com/homedetails/1015-W-Main-St-Berne-IN-46711/85090067_zpid/,"1015 W Main St, Berne, IN 46711",,4,3,2174
https://www.zillow.com/homedetails/1017-Dearborn-St-Berne-IN-46711/85083694_zpid/,"1017 Dearborn St, Berne, IN 46711",,4,2,2157
https://www.zillow.com/homedetails/1017-Rose-Ln-Berne-IN-46711/85083700_zpid/,"1017 Rose Ln, Berne, IN 46711",,3,2,1700
https://www.zillow.com/homedetails/1017-W-Water-St-Berne-IN-46711/2069878170_zpid/,"1017 W Water St, Berne, IN 46711",,3,3,2065
https://www.zillow.com/homedetails/1018-Rose-Ln-Berne-IN-46711/85083701_zpid/,"1018 Rose Ln, Berne, IN 46711",,4,2,1428
https://www.zillow.com/homedetails/1018-W-Clark-St-Berne-IN-46711/85090034_zpid/,"1018 W Clark St, Berne, IN 46711",,3,2,1624
https://www.zillow.com/homedetails/102-W-300-S-Berne-IN-46711/227853506_zpid/,"102 W 300 S, Berne, IN 46711",,4,3.5,2308
https://www.zillow.com/homedetails/1020-Dearborn-St-Berne-IN-46711/85083732_zpid/,"1020 Dearborn St, Berne, IN 46711",,3,2,1479
https://www.zillow.com/homedetails/1020-W-Main-St-Berne-IN-46711/251677995_zpid/,"1020 W Main St, Berne, IN 46711",,1,1,728
https://www.zillow.com/homedetails/1021-E-550-S-Berne-IN-46711/227857390_zpid/,"1021 E 550 S, Berne, IN 46711",,3,2.5,1456
https://www.zillow.com/homedetails/1022-E-550-S-Berne-IN-46711/85090458_zpid/,"1022 E 550 S, Berne, IN 46711",,4,1.5,2060
https://www.zillow.com/homedetails/1023-W-Main-St-Berne-IN-46711/85090028_zpid/,"1023 W Main St, Berne, IN 46711",,3,1.5,1377
https://www.zillow.com/homedetails/1023-W-Water-St-Berne-IN-46711/85090032_zpid/,"1023 W Water St, Berne, IN 46711",,3,1.5,1676
https://www.zillow.com/homedetails/1024-Rose-Ln-Berne-IN-46711/85083690_zpid/,"1024 Rose Ln, Berne, IN 46711",,4,3.5,3258
https://www.zillow.com/homedetails/1024-W-Water-St-Berne-IN-46711/85090039_zpid/,"1024 W Water St, Berne, IN 46711",,2,1,1159
https://www.zillow.com/homedetails/1026-W-Clark-St-Berne-IN-46711/85090035_zpid/,"1026 W Clark St, Berne, IN 46711",,3,2,1449
https://www.zillow.com/homedetails/1027-W-700-S-Berne-IN-46711/85083822_zpid/,"1027 W 700 S, Berne, IN 46711",,3,2,1851
https://www.zillow.com/homedetails/1030-W-350-S-Berne-IN-46711/85089834_zpid/,"1030 W 350 S, Berne, IN 46711",,3,1.5,1056
https://www.zillow.com/homedetails/1033-E-450-S-Berne-IN-46711/85089839_zpid/,"1033 E 450 S, Berne, IN 46711",,3,1.5,1444
https://www.zillow.com/homedetails/1034-W-700-S-Berne-IN-46711/85083863_zpid/,"1034 W 700 S, Berne, IN 46711",,4,2,1344
https://www.zillow.com/homedetails/1035-Black-Bear-Path-Berne-IN-46711/251678300_zpid/,"1035 Black Bear Path, Berne, IN 46711",,3,2,2340
https://www.zillow.com/homedetails/1035-W-Dearborn-St-Berne-IN-46711/85083673_zpid/,"1035 W Dearborn St, Berne, IN 46711",,3,2.5,1754
https://www.zillow.com/homedetails/1037-W-700-S-Berne-IN-46711/85083837_zpid/,"1037 W 700 S, Berne, IN 46711",,3,2,1782
https://www.zillow.com/homedetails/104-E-Main-St-Berne-IN-46711/2140873431_zpid/,"104 E Main St, Berne, IN 46711",,0,0.5,22320
https://www.zillow.com/homedetails/104-W-Van-Buren-St-Berne-IN-46711/85083309_zpid/,"104 W Van Buren St, Berne, IN 46711",,4,2.5,1762
https://www.zillow.com/homedetails/1040-Dearborn-St-Berne-IN-46711/85083725_zpid/,"1040 Dearborn St, Berne, IN 46711",,3,2,1594
https://www.zillow.com/homedetails/1046-Mill-Pond-Rd-Berne-IN-46711/85083764_zpid/,"1046 Mill Pond Rd, Berne, IN 46711",,3,2.5,2459
https://www.zillow.com/homedetails/1049-W-200-S-Berne-IN-46711/85090684_zpid/,"1049 W 200 S, Berne, IN 46711",,6,0,2228
https://www.zillow.com/homedetails/105-E-Parr-Rd-Berne-IN-46711/85090072_zpid/,"105 E Parr Rd, Berne, IN 46711",,3,1,1387
https://www.zillow.com/homedetails/105-Portland-St-Berne-IN-46711/111820380_zpid/,"105 Portland St, Berne, IN 46711",,3,2,1648
https://www.zillow.com/homedetails/1050-Black-Bear-Path-Berne-IN-46711/251678299_zpid/,"1050 Black Bear Path, Berne, IN 46711",,0,0,
https://www.zillow.com/homedetails/1055-Rose-Ln-Berne-IN-46711/85083712_zpid/,"1055 Rose Ln, Berne, IN 46711",,3,4,3000
https://www.zillow.com/homedetails/1055-W-Main-St-Berne-IN-46711/85090054_zpid/,"1055 W Main St, Berne, IN 46711",,3,2,1235
https://www.zillow.com/homedetails/1055-W-Water-St-Berne-IN-46711/85090036_zpid/,"1055 W Water St, Berne, IN 46711",,3,1.5,1430
https://www.zillow.com/homedetails/1056-Rose-Ln-Berne-IN-46711/85083679_zpid/,"1056 Rose Ln, Berne, IN 46711",,4,2.5,1873
https://www.zillow.com/homedetails/1056-W-Clark-St-Berne-IN-46711/85090045_zpid/,"1056 W Clark St, Berne, IN 46711",,3,1,1192
https://www.zillow.com/homedetails/1056-W-Water-St-Berne-IN-46711/85090062_zpid/,"1056 W Water St, Berne, IN 46711",,3,1.5,1214
https://www.zillow.com/homedetails/1065-W-Main-St-Berne-IN-46711/85090057_zpid/,"1065 W Main St, Berne, IN 46711",,3,2,1176
https://www.zillow.com/homedetails/1065-W-Water-St-Berne-IN-46711/85090052_zpid/,"1065 W Water St, Berne, IN 46711",,3,1.5,1344
https://www.zillow.com/homedetails/1066-W-Clark-St-Berne-IN-46711/85090061_zpid/,"1066 W Clark St, Berne, IN 46711",,3,1.5,1628
https://www.zillow.com/homedetails/1066-W-Water-St-Berne-IN-46711/85090055_zpid/,"1066 W Water St, Berne, IN 46711",,2,1.5,1150
https://www.zillow.com/homedetails/1075-W-Main-St-Berne-IN-46711/85090030_zpid/,"1075 W Main St, Berne, IN 46711",,3,1.5,1497
https://www.zillow.com/homedetails/1075-W-Water-St-Berne-IN-46711/85090033_zpid/,"1075 W Water St, Berne, IN 46711",,2,2,1597
https://www.zillow.com/homedetails/1076-Mill-Pond-Rd-Berne-IN-46711/85083739_zpid/,"1076 Mill Pond Rd, Berne, IN 46711",,3,2,1651
https://www.zillow.com/homedetails/1076-W-Clark-St-Berne-IN-46711/85090060_zpid/,"1076 W Clark St, Berne, IN 46711",,3,2,1941
https://www.zillow.com/homedetails/1076-W-Water-St-Berne-IN-46711/85090050_zpid/,"1076 W Water St, Berne, IN 46711",,3,1.5,1944
https://www.zillow.com/homedetails/1080-W-500-S-Berne-IN-46711/2128863397_zpid/,"1080 W 500 S, Berne, IN 46711",,0,0.5,4856
https://www.zillow.com/homedetails/1080-W-Main-St-Berne-IN-46711/85082654_zpid/,"1080 W Main St, Berne, IN 46711",,3,2,1962
https://www.zillow.com/homedetails/1090-W-400-S-Berne-IN-46711/85089862_zpid/,"1090 W 400 S, Berne, IN 46711",,3,1.5,1485
https://www.zillow.com/homedetails/1095-S-Us-Highway-27-Berne-IN-46711/243086393_zpid/,"1095 S Us Highway 27, Berne, IN 46711",,2,1.5,1855
https://www.zillow.com/homedetails/1096-Hendricks-St-Berne-IN-46711/85083415_zpid/,"1096 Hendricks St, Berne, IN 46711",,4,1.5,1628
https://www.zillow.com/homedetails/11-E-700-S-Berne-IN-46711/85083108_zpid/,"11 E 700 S, Berne, IN 46711",,2,0,1665
https://www.zillow.com/homedetails/110-E-550-S-Berne-IN-46711/85090451_zpid/,"110 E 550 S, Berne, IN 46711",,3,2,2519
https://www.zillow.com/homedetails/110-Hahnemann-Ct-Berne-IN-46711/97900746_zpid/,"110 Hahnemann Ct, Berne, IN 46711",,2,2,1494
https://www.zillow.com/homedetails/110-Poplar-Ave-Berne-IN-46711/85083359_zpid/,"110 Poplar Ave, Berne, IN 46711",,2,3,3652
https://www.zillow.com/homedetails/1100-Swiss-Way-Berne-IN-46711/249944586_zpid/,"1100 Swiss Way, Berne, IN 46711",,3,0,936
https://www.zillow.com/homedetails/1105-W-Clark-St-Berne-IN-46711/85090037_zpid/,"1105 W Clark St, Berne, IN 46711",,3,2,3686
https://www.zillow.com/homedetails/1105-W-Main-St-Berne-IN-46711/85090053_zpid/,"1105 W Main St, Berne, IN 46711",,3,1,1230
https://www.zillow.com/homedetails/1105-W-Water-St-Berne-IN-46711/85090027_zpid/,"1105 W Water St, Berne, IN 46711",,3,2,1580
https://www.zillow.com/homedetails/1105-Westwind-Trl-Berne-IN-46711/85089930_zpid/,"1105 Westwind Trl, Berne, IN 46711",,3,2,1322
https://www.zillow.com/homedetails/1106-Mill-Pond-Rd-Berne-IN-46711/85083798_zpid/,"1106 Mill Pond Rd, Berne, IN 46711",,3,2.5,1815
https://www.zillow.com/homedetails/1106-W-Clark-St-Berne-IN-46711/85090051_zpid/,"1106 W Clark St, Berne, IN 46711",,3,2,1476
https://www.zillow.com/homedetails/1106-W-Water-St-Berne-IN-46711/85090026_zpid/,"1106 W Water St, Berne, IN 46711",,3,2,1583
https://www.zillow.com/homedetails/111-W-400-S-Berne-IN-46711/227853514_zpid/,"111 W 400 S, Berne, IN 46711",,5,0,4176
https://www.zillow.com/homedetails/1110-W-400-S-Berne-IN-46711/85089864_zpid/,"1110 W 400 S, Berne, IN 46711",,3,2.5,2352
https://www.zillow.com/homedetails/1111-Westwind-Trl-Berne-IN-46711/85089945_zpid/,"1111 Westwind Trl, Berne, IN 46711",,3,2.5,1787
https://www.zillow.com/homedetails/1117-W-Main-St-Berne-IN-46711/85090041_zpid/,"1117 W Main St, Berne, IN 46711",,3,2,1648
https://www.zillow.com/homedetails/1117-W-Water-St-Berne-IN-46711/85090043_zpid/,"1117 W Water St, Berne, IN 46711",,3,2,1480
https://www.zillow.com/homedetails/1117-Westwind-Trl-Berne-IN-46711/85089931_zpid/,"1117 Westwind Trl, Berne, IN 46711",,4,2.5,1715
https://www.zillow.com/homedetails/1118-W-Clark-St-Berne-IN-46711/85090042_zpid/,"1118 W Clark St, Berne, IN 46711",,3,1.5,1349
https://www.zillow.com/homedetails/1118-W-Water-St-Berne-IN-46711/85090031_zpid/,"1118 W Water St, Berne, IN 46711",,3,2.5,1430
https://www.zillow.com/homedetails/1120-W-500-S-Berne-IN-46711/85089918_zpid/,"1120 W 500 S, Berne, IN 46711",,2,3.5,2172
https://www.zillow.com/homedetails/1121-W-500-S-Berne-IN-46711/85089868_zpid/,"1121 W 500 S, Berne, IN 46711",,4,0.5,3652
https://www.zillow.com/homedetails/1122-E-700-S-Berne-IN-46711/85082428_zpid/,"1122 E 700 S, Berne, IN 46711",,3,1,1716
https://www.zillow.com/homedetails/1123-W-Clark-St-Berne-IN-46711/85090040_zpid/,"1123 W Clark St, Berne, IN 46711",,4,3,2700
https://www.zillow.com/homedetails/1123-W-Main-St-Berne-IN-46711/85090064_zpid/,"1123 W Main St, Berne, IN 46711",,3,2,1431
https://www.zillow.com/homedetails/1123-W-Water-St-Berne-IN-46711/85090024_zpid/,"1123 W Water St, Berne, IN 46711",,4,2.5,1984
https://www.zillow.com/homedetails/1123-Westwind-Trl-Berne-IN-46711/85089935_zpid/,"1123 Westwind Trl, Berne, IN 46711",,3,2,1558
https://www.zillow.com/homedetails/1124-W-Clark-St-Berne-IN-46711/85090029_zpid/,"1124 W Clark St, Berne, IN 46711",,3,2,1940
https://www.zillow.com/homedetails/1124-W-Water-St-Berne-IN-46711/85090058_zpid/,"1124 W Water St, Berne, IN 46711",,3,1.5,1997
https://www.zillow.com/homedetails/1124-Westwind-Trl-Berne-IN-46711/227853715_zpid/,"1124 Westwind Trl, Berne, IN 46711",,4,2.5,2092
https://www.zillow.com/homedetails/113-W-Van-Buren-St-Berne-IN-46711/85083291_zpid/,"113 W Van Buren St, Berne, IN 46711",,3,1,1506
https://www.zillow.com/homedetails/1130-W-500-S-Berne-IN-46711/85089919_zpid/,"1130 W 500 S, Berne, IN 46711",,2,2,1787
https://www.zillow.com/homedetails/1132-W-400-S-Berne-IN-46711/85089861_zpid/,"1132 W 400 S, Berne, IN 46711",,4,2,2533
https://www.zillow.com/homedetails/114-W-Van-Buren-St-Berne-IN-46711/85083191_zpid/,"114 W Van Buren St, Berne, IN 46711",,5,1,1410
https://www.zillow.com/homedetails/1146-Mill-Pond-Rd-Berne-IN-46711/85083803_zpid/,"1146 Mill Pond Rd, Berne, IN 46711",,3,2,1848
https://www.zillow.com/homedetails/1155-W-Main-St-Berne-IN-46711/85090023_zpid/,"1155 W Main St, Berne, IN 46711",,2,1.5,1040
https://www.zillow.com/homedetails/1165-Mill-Pond-Rd-Berne-IN-46711/85083765_zpid/,"1165 Mill Pond Rd, Berne, IN 46711",,4,4,3675
https://www.zillow.com/homedetails/1166-W-400-S-Berne-IN-46711/85089859_zpid/,"1166 W 400 S, Berne, IN 46711",,3,3,2134
https://www.zillow.com/homedetails/117-W-Adams-St-Berne-IN-46711/85090290_zpid/,"117 W Adams St, Berne, IN 46711",,2,1,1800
https://www.zillow.com/homedetails/117-W-Parr-Rd-Berne-IN-46711/85090071_zpid/,"117 W Parr Rd, Berne, IN 46711",,3,1,1208
https://www.zillow.com/homedetails/1176-Mill-Pond-Rd-Berne-IN-46711/85083791_zpid/,"1176 Mill Pond Rd, Berne, IN 46711",,3,2.5,2393
https://www.zillow.com/homedetails/118-E-Adams-St-Berne-IN-46711/85090090_zpid/,"118 E Adams St, Berne, IN 46711",,3,1,1472
https://www.zillow.com/homedetails/118-E-Water-St-Berne-IN-46711/85090210_zpid/,"118 E Water St, Berne, IN 46711",,3,2,1536
https://www.zillow.com/homedetails/118-W-Adams-St-Berne-IN-46711/85090344_zpid/,"118 W Adams St, Berne, IN 46711",,3,1,1636
https://www.zillow.com/homedetails/1185-Mill-Pond-Rd-Berne-IN-46711/85083794_zpid/,"1185 Mill Pond Rd, Berne, IN 46711",,4,3,1848
https://www.zillow.com/homedetails/120-Hahnemann-Ct-Berne-IN-46711/97900751_zpid/,"120 Hahnemann Ct, Berne, IN 46711",,2,2,1465
https://www.zillow.com/homedetails/1202-E-400-S-Berne-IN-46711/249944574_zpid/,"1202 E 400 S, Berne, IN 46711",,0,0,
https://www.zillow.com/homedetails/1205-W-Main-St-Berne-IN-46711/85090046_zpid/,"1205 W Main St, Berne, IN 46711",,3,2,1381
https://www.zillow.com/homedetails/1205-W-Water-St-Berne-IN-46711/85090025_zpid/,"1205 W Water St, Berne, IN 46711",,2,1.5,1528
https://www.zillow.com/homedetails/1206-Clark-St-Berne-IN-46711/85090059_zpid/,"1206 Clark St, Berne, IN 46711",,3,1.5,1100
https://www.zillow.com/homedetails/1206-Mill-Pond-Rd-Berne-IN-46711/85083796_zpid/,"1206 Mill Pond Rd, Berne, IN 46711",,6,2.5,3276
https://www.zillow.com/homedetails/1206-W-Water-St-Berne-IN-46711/85090048_zpid/,"1206 W Water St, Berne, IN 46711",,3,3,1986
https://www.zillow.com/homedetails/1206-Westwind-Trl-Berne-IN-46711/85089934_zpid/,"1206 Westwind Trl, Berne, IN 46711",,3,2,1409
https://www.zillow.com/homedetails/1208-W-500-S-Berne-IN-46711/85089920_zpid/,"1208 W 500 S, Berne, IN 46711",,3,3,2186
https://www.zillow.com/homedetails/121-Cleveland-St-Berne-IN-46711/300178145_zpid/,"121 Cleveland St, Berne, IN 46711",,0,0,
https://www.zillow.com/homedetails/1211-Westwind-Trl-Berne-IN-46711/85089936_zpid/,"1211 Westwind Trl, Berne, IN 46711",,3,2,1431
https://www.zillow.com/homedetails/1217-W-Water-St-Berne-IN-46711/85090056_zpid/,"1217 W Water St, Berne, IN 46711",,3,2.5,1590
https://www.zillow.com/homedetails/1218-W-Clark-St-Berne-IN-46711/85090047_zpid/,"1218 W Clark St, Berne, IN 46711",,4,2.5,2567
https://www.zillow.com/homedetails/1218-W-Water-St-Berne-IN-46711/85090049_zpid/,"1218 W Water St, Berne, IN 46711",,3,2.5,1983
https://www.zillow.com/homedetails/1219-Carrington-Way-Berne-IN-46711/127040916_zpid/,"1219 Carrington Way, Berne, IN 46711",,2,3,1493
https://www.zillow.com/homedetails/1220-Carrington-Way-Berne-IN-46711/85083751_zpid/,"1220 Carrington Way, Berne, IN 46711",,2,2,1479
https://www.zillow.com/homedetails/1221-Westwind-Trl-Berne-IN-46711/227853705_zpid/,"1221 Westwind Trl, Berne, IN 46711",,3,3,1623
https://www.zillow.com/homedetails/1223-W-Main-St-Berne-IN-46711/243086381_zpid/,"1223 W Main St, Berne, IN 46711",,3,2.5,3508
https://www.zillow.com/homedetails/1223-W-Water-St-Berne-IN-46711/243086382_zpid/,"1223 W Water St, Berne, IN 46711",,4,2.5,1952
https://www.zillow.com/homedetails/1224-W-Clark-St-Berne-IN-46711/85090063_zpid/,"1224 W Clark St, Berne, IN 46711",,3,2,1322
https://www.zillow.com/homedetails/1224-W-Water-St-Berne-IN-46711/85090038_zpid/,"1224 W Water St, Berne, IN 46711",,6,3,2700
https://www.zillow.com/homedetails/1224-Westwind-Trl-Berne-IN-46711/85089944_zpid/,"1224 Westwind Trl, Berne, IN 46711",,5,4,2655
https://www.zillow.com/homedetails/1225-Hauptstrasse-Berne-IN-46711/85083523_zpid/,"1225 Hauptstrasse, Berne, IN 46711",,3,3,2872
https://www.zillow.com/homedetails/1225-Soudastrasse-Berne-IN-46711/227855421_zpid/,"1225 Soudastrasse, Berne, IN 46711",,3,2.5,2052
https://www.zillow.com/homedetails/1225-Stuckistrasse-Berne-IN-46711/85083527_zpid/,"1225 Stuckistrasse, Berne, IN 46711",,3,2.5,1864
https://www.zillow.com/homedetails/1225-W-300-S-Berne-IN-46711/249944558_zpid/,"1225 W 300 S, Berne, IN 46711",,3,2,1972
https://www.zillow.com/homedetails/1225-W-300-S-Berne-IN-46711/85089794_zpid/,"1225 W 300 S, Berne, IN 46711",,3,2,2610
https://www.zillow.com/homedetails/1225-Yoderstrasse-Berne-IN-46711/85083544_zpid/,"1225 Yoderstrasse, Berne, IN 46711",,3,4,3572
https://www.zillow.com/homedetails/1226-Hauptstrasse-Berne-IN-46711/85083555_zpid/,"1226 Hauptstrasse, Berne, IN 46711",,3,2,4000
https://www.zillow.com/homedetails/1226-Yoderstrasse-Berne-IN-46711/85083554_zpid/,"1226 Yoderstrasse, Berne, IN 46711",,3,2.5,1718
https://www.zillow.com/homedetails/1230-Carrington-Way-Berne-IN-46711/85083755_zpid/,"1230 Carrington Way, Berne, IN 46711",,2,2,1465
https://www.zillow.com/homedetails/1231-Carrington-Way-Berne-IN-46711/94266696_zpid/,"1231 Carrington Way, Berne, IN 46711",,2,2,1509
https://www.zillow.com/homedetails/1233-E-700-S-Berne-IN-46711/227854958_zpid/,"1233 E 700 S, Berne, IN 46711",,3,2.5,2548
https://www.zillow.com/homedetails/1235-Hauptstrasse-Berne-IN-46711/85083520_zpid/,"1235 Hauptstrasse, Berne, IN 46711",,3,2,2257
https://www.zillow.com/homedetails/1235-Soudastrasse-Berne-IN-46711/85083558_zpid/,"1235 Soudastrasse, Berne, IN 46711",,3,2,1600
https://www.zillow.com/homedetails/1235-Stuckistrasse-Berne-IN-46711/85083540_zpid/,"1235 Stuckistrasse, Berne, IN 46711",,3,1.5,1508
https://www.zillow.com/homedetails/1235-Yoderstrasse-Berne-IN-46711/85083521_zpid/,"1235 Yoderstrasse, Berne, IN 46711",,3,2,1494
https://www.zillow.com/homedetails/1236-Hauptstrasse-Berne-IN-46711/85083559_zpid/,"1236 Hauptstrasse, Berne, IN 46711",,3,2,1488
https://www.zillow.com/homedetails/1236-Soudastrasse-Berne-IN-46711/85083564_zpid/,"1236 Soudastrasse, Berne, IN 46711",,2,2,1633
https://www.zillow.com/homedetails/1236-Stuckistrasse-Berne-IN-46711/85083539_zpid/,"1236 Stuckistrasse, Berne, IN 46711",,3,3,1440
https://www.zillow.com/homedetails/1236-Yoderstrasse-Berne-IN-46711/85083553_zpid/,"1236 Yoderstrasse, Berne, IN 46711",,3,2,3758
https://www.zillow.com/homedetails/1237-Carrington-Way-Berne-IN-46711/94266697_zpid/,"1237 Carrington Way, Berne, IN 46711",,2,2,1613
https://www.zillow.com/homedetails/1240-Carrington-Way-Berne-IN-46711/85083754_zpid/,"1240 Carrington Way, Berne, IN 46711",,2,2,1452
https://www.zillow.com/homedetails/1246-Mill-Pond-Rd-Berne-IN-46711/85083762_zpid/,"1246 Mill Pond Rd, Berne, IN 46711",,4,3,2074
https://www.zillow.com/homedetails/1246-Soudastrasse-Berne-IN-46711/227855440_zpid/,"1246 Soudastrasse, Berne, IN 46711",,3,2,1504
https://www.zillow.com/homedetails/125-Hahnemann-Ct-Berne-IN-46711/127038604_zpid/,"125 Hahnemann Ct, Berne, IN 46711",,2,2,1581
https://www.zillow.com/homedetails/1250-Carrington-Way-Berne-IN-46711/85083753_zpid/,"1250 Carrington Way, Berne, IN 46711",,2,1.5,1466
https://www.zillow.com/homedetails/1251-Carrington-Way-Berne-IN-46711/97900044_zpid/,"1251 Carrington Way, Berne, IN 46711",,2,2,1451
https://www.zillow.com/homedetails/1252-W-500-S-Berne-IN-46711/85089917_zpid/,"1252 W 500 S, Berne, IN 46711",,3,2,1798
https://www.zillow.com/homedetails/1254-W-700-S-Berne-IN-46711/85083862_zpid/,"1254 W 700 S, Berne, IN 46711",,4,1,2240
https://www.zillow.com/homedetails/1255-Soudastrasse-Berne-IN-46711/85083557_zpid/,"1255 Soudastrasse, Berne, IN 46711",,3,3.5,1778
https://www.zillow.com/homedetails/1255-Stuckistrasse-Berne-IN-46711/85083515_zpid/,"1255 Stuckistrasse, Berne, IN 46711",,3,3,2504
https://www.zillow.com/homedetails/1255-Yoderstrasse-Berne-IN-46711/85083545_zpid/,"1255 Yoderstrasse, Berne, IN 46711",,4,2,1600
https://www.zillow.com/homedetails/1256-Hauptstrasse-Berne-IN-46711/85083529_zpid/,"1256 Hauptstrasse, Berne, IN 46711",,3,2,1760
https://www.zillow.com/homedetails/1256-Stuckistrasse-Berne-IN-46711/85083565_zpid/,"1256 Stuckistrasse, Berne, IN 46711",,5,3,2072
https://www.zillow.com/homedetails/1256-Yoderstrasse-Berne-IN-46711/85083528_zpid/,"1256 Yoderstrasse, Berne, IN 46711",,3,3,1641
https://www.zillow.com/homedetails/1257-Carrington-Way-Berne-IN-46711/97900755_zpid/,"1257 Carrington Way, Berne, IN 46711",,2,2,1437
https://www.zillow.com/homedetails/1260-Carrington-Way-Berne-IN-46711/122665636_zpid/,"1260 Carrington Way, Berne, IN 46711",,2,2,1504
https://www.zillow.com/homedetails/1260-Mill-Pond-Rd-Berne-IN-46711/94266698_zpid/,"1260 Mill Pond Rd, Berne, IN 46711",,5,4.5,4455
https://www.zillow.com/homedetails/1260-1498-Emmental-Dr-Berne-IN-46711/243086379_zpid/,"1260-1498 Emmental Dr, Berne, IN 46711",,2,2,1381
https://www.zillow.com/homedetails/1261-W-200-S-Berne-IN-46711/85090683_zpid/,"1261 W 200 S, Berne, IN 46711",,9,1,3016
https://www.zillow.com/homedetails/1265-Hauptstrasse-Berne-IN-46711/85083526_zpid/,"1265 Hauptstrasse, Berne, IN 46711",,4,3,2688
https://www.zillow.com/homedetails/1265-Mill-Pond-Rd-Berne-IN-46711/85083771_zpid/,"1265 Mill Pond Rd, Berne, IN 46711",,4,2.5,2155
https://www.zillow.com/homedetails/1265-Soudastrasse-Berne-IN-46711/85083560_zpid/,"1265 Soudastrasse, Berne, IN 46711",,3,3,1870
https://www.zillow.com/homedetails/1265-Stuckistrasse-Berne-IN-46711/85083570_zpid/,"1265 Stuckistrasse, Berne, IN 46711",,2,2,1608
https://www.zillow.com/homedetails/1265-Yoderstrasse-Berne-IN-46711/85083514_zpid/,"1265 Yoderstrasse, Berne, IN 46711",,3,2,1440
https://www.zillow.com/homedetails/1266-Hauptstrasse-Berne-IN-46711/85083510_zpid/,"1266 Hauptstrasse, Berne, IN 46711",,3,1,1296
https://www.zillow.com/homedetails/1266-Soudastrasse-Berne-IN-46711/227855439_zpid/,"1266 Soudastrasse, Berne, IN 46711",,2,2,1201
https://www.zillow.com/homedetails/1266-Stuckistrasse-Berne-IN-46711/85083513_zpid/,"1266 Stuckistrasse, Berne, IN 46711",,4,1.5,1840
https://www.zillow.com/homedetails/1266-Yoderstrasse-Berne-IN-46711/85083532_zpid/,"1266 Yoderstrasse, Berne, IN 46711",,3,2,1762
https://www.zillow.com/homedetails/1269-W-500-S-Berne-IN-46711/227853644_zpid/,"1269 W 500 S, Berne, IN 46711",,3,2.5,1933
https://www.zillow.com/homedetails/1270-Carrington-Way-Berne-IN-46711/122663827_zpid/,"1270 Carrington Way, Berne, IN 46711",,2,2,1504
https://www.zillow.com/homedetails/1275-Hauptstrasse-Berne-IN-46711/85083517_zpid/,"1275 Hauptstrasse, Berne, IN 46711",,3,2,1504
https://www.zillow.com/homedetails/1275-Stuckistrasse-Berne-IN-46711/85083530_zpid/,"1275 Stuckistrasse, Berne, IN 46711",,3,2,1742
https://www.zillow.com/homedetails/1275-Yoderstrasse-Berne-IN-46711/85083524_zpid/,"1275 Yoderstrasse, Berne, IN 46711",,3,2,1830
https://www.zillow.com/homedetails/1276-Hauptstrasse-Berne-IN-46711/85083556_zpid/,"1276 Hauptstrasse, Berne, IN 46711",,3,2,1418
https://www.zillow.com/homedetails/1276-Soudastrasse-Berne-IN-46711/85083563_zpid/,"1276 Soudastrasse, Berne, IN 46711",,3,2.5,2091
https://www.zillow.com/homedetails/1276-Stuckistrasse-Berne-IN-46711/85083533_zpid/,"1276 Stuckistrasse, Berne, IN 46711",,3,2,1488
https://www.zillow.com/homedetails/1276-Yoderstrasse-Berne-IN-46711/85083566_zpid/,"1276 Yoderstrasse, Berne, IN 46711",,4,3,1596
https://www.zillow.com/homedetails/1280-Carrington-Way-Berne-IN-46711/111818808_zpid/,"1280 Carrington Way, Berne, IN 46711",,2,2.5,1594
https://www.zillow.com/homedetails/1285-Hendricks-St-Berne-IN-46711/85083454_zpid/,"1285 Hendricks St, Berne, IN 46711",,3,1,1014
https://www.zillow.com/homedetails/1290-Carrington-Way-Berne-IN-46711/111818809_zpid/,"1290 Carrington Way, Berne, IN 46711",,2,1.5,1580
https://www.zillow.com/homedetails/1295-Hendricks-St-Berne-IN-46711/85083458_zpid/,"1295 Hendricks St, Berne, IN 46711",,3,1,960
https://www.zillow.com/homedetails/1296-Hendricks-St-Berne-IN-46711/85083453_zpid/,"1296 Hendricks St, Berne, IN 46711",,3,1,950
https://www.zillow.com/homedetails/130-Hahnemann-Ct-Berne-IN-46711/127039205_zpid/,"130 Hahnemann Ct, Berne, IN 46711",,0,2,1758
https://www.zillow.com/homedetails/1304-Us-Highway-27-N-Berne-IN-46711/249944584_zpid/,"1304 Us Highway 27 N, Berne, IN 46711",,3,1,1216
https://www.zillow.com/homedetails/1305-Hauptstrasse-Berne-IN-46711/85083541_zpid/,"1305 Hauptstrasse, Berne, IN 46711",,3,2,1608
https://www.zillow.com/homedetails/1305-Hendricks-St-Berne-IN-46711/85083438_zpid/,"1305 Hendricks St, Berne, IN 46711",,3,1.5,1080
https://www.zillow.com/homedetails/1305-Soudastrasse-Berne-IN-46711/97899817_zpid/,"1305 Soudastrasse, Berne, IN 46711",,2,3,1584
https://www.zillow.com/homedetails/1305-Stuckistrasse-Berne-IN-46711/85083525_zpid/,"1305 Stuckistrasse, Berne, IN 46711",,3,2.5,1916
https://www.zillow.com/homedetails/1305-Yoderstrasse-Berne-IN-46711/85083546_zpid/,"1305 Yoderstrasse, Berne, IN 46711",,4,2.5,2320
https://www.zillow.com/homedetails/1306-Hauptstrasse-Berne-IN-46711/85083548_zpid/,"1306 Hauptstrasse, Berne, IN 46711",,3,2,1756
https://www.zillow.com/homedetails/1306-Soudastrasse-Berne-IN-46711/227855437_zpid/,"1306 Soudastrasse, Berne, IN 46711",,3,2,1640
https://www.zillow.com/homedetails/1306-Stuckistrasse-Berne-IN-46711/85083562_zpid/,"1306 Stuckistrasse, Berne, IN 46711",,3,2,1720
https://www.zillow.com/homedetails/1306-Yoderstrasse-Berne-IN-46711/85083552_zpid/,"1306 Yoderstrasse, Berne, IN 46711",,3,2,1484
https://www.zillow.com/homedetails/1315-Hendricks-St-Berne-IN-46711/85083434_zpid/,"1315 Hendricks St, Berne, IN 46711",,3,1,992
https://www.zillow.com/homedetails/1322-E-450-S-Berne-IN-46711/227853591_zpid/,"1322 E 450 S, Berne, IN 46711",,3,0,1696
https://www.zillow.com/homedetails/1325-Hauptstrasse-Berne-IN-46711/85083535_zpid/,"1325 Hauptstrasse, Berne, IN 46711",,4,2,2400
https://www.zillow.com/homedetails/1325-Soudastrasse-Berne-IN-46711/97899818_zpid/,"1325 Soudastrasse, Berne, IN 46711",,4,3,3150
https://www.zillow.com/homedetails/1325-Stuckistrasse-Berne-IN-46711/85083522_zpid/,"1325 Stuckistrasse, Berne, IN 46711",,4,2.5,2292
https://www.zillow.com/homedetails/1325-Yoderstrasse-Berne-IN-46711/85083531_zpid/,"1325 Yoderstrasse, Berne, IN 46711",,3,2,1824
https://www.zillow.com/homedetails/1326-Hauptstrasse-Berne-IN-46711/85083518_zpid/,"1326 Hauptstrasse, Berne, IN 46711",,3,2,1602
https://www.zillow.com/homedetails/1326-Stuckistrasse-Berne-IN-46711/85083538_zpid/,"1326 Stuckistrasse, Berne, IN 46711",,3,2,1732
https://www.zillow.com/homedetails/1326-Yoderstrasse-Berne-IN-46711/85083551_zpid/,"1326 Yoderstrasse, Berne, IN 46711",,4,2.5,2240
https://www.zillow.com/homedetails/1332-W-350-S-Berne-IN-46711/85089833_zpid/,"1332 W 350 S, Berne, IN 46711",,1,1,1100
https://www.zillow.com/homedetails/1335-Hendricks-St-Berne-IN-46711/85083442_zpid/,"1335 Hendricks St, Berne, IN 46711",,3,1,1032
https://www.zillow.com/homedetails/1345-Colonial-Ct-Berne-IN-46711/85083419_zpid/,"1345 Colonial Ct, Berne, IN 46711",,3,2,1108
https://www.zillow.com/homedetails/1345-Hauptstrasse-Berne-IN-46711/85083507_zpid/,"1345 Hauptstrasse, Berne, IN 46711",,3,2,1539
https://www.zillow.com/homedetails/1345-Yoderstrasse-Berne-IN-46711/85083549_zpid/,"1345 Yoderstrasse, Berne, IN 46711",,3,2,1692
https://www.zillow.com/homedetails/1346-Colonial-Ct-Berne-IN-46711/227855303_zpid/,"1346 Colonial Ct, Berne, IN 46711",,3,2,1344
https://www.zillow.com/homedetails/1346-Hauptstrasse-Berne-IN-46711/85083519_zpid/,"1346 Hauptstrasse, Berne, IN 46711",,3,2,1741
https://www.zillow.com/homedetails/1346-Hendricks-St-Berne-IN-46711/85083440_zpid/,"1346 Hendricks St, Berne, IN 46711",,5,2,1968
https://www.zillow.com/homedetails/1346-Stuckistrasse-Berne-IN-46711/85083537_zpid/,"1346 Stuckistrasse, Berne, IN 46711",,3,2,1460
https://www.zillow.com/homedetails/1346-Yoderstrasse-Berne-IN-46711/85083509_zpid/,"1346 Yoderstrasse, Berne, IN 46711",,3,1.5,1350
https://www.zillow.com/homedetails/135-Hahnemann-Ct-Berne-IN-46711/111820402_zpid/,"135 Hahnemann Ct, Berne, IN 46711",,2,2,1494
https://www.zillow.com/homedetails/1352-W-350-S-Berne-IN-46711/227853492_zpid/,"1352 W 350 S, Berne, IN 46711",,3,2,3429
https://www.zillow.com/homedetails/1353-E-400-S-Berne-IN-46711/227853543_zpid/,"1353 E 400 S, Berne, IN 46711",,3,0,3228
https://www.zillow.com/homedetails/1355-Hendricks-St-Berne-IN-46711/85083451_zpid/,"1355 Hendricks St, Berne, IN 46711",,3,1,1008
https://www.zillow.com/homedetails/1356-E-650-S-Berne-IN-46711/227854959_zpid/,"1356 E 650 S, Berne, IN 46711",,3,1,1615
https://www.zillow.com/homedetails/1357-Old-Colonial-Dr-Berne-IN-46711/227855676_zpid/,"1357 Old Colonial Dr, Berne, IN 46711",,4,2.5,2530
https://www.zillow.com/homedetails/1361-W-300-S-Berne-IN-46711/227853454_zpid/,"1361 W 300 S, Berne, IN 46711",,3,2,1972
https://www.zillow.com/homedetails/1363-W-500-S-Berne-IN-46711/85089869_zpid/,"1363 W 500 S, Berne, IN 46711",,3,2.5,2110
https://www.zillow.com/homedetails/1365-Colonial-Ct-Berne-IN-46711/85083420_zpid/,"1365 Colonial Ct, Berne, IN 46711",,3,2,1138
https://www.zillow.com/homedetails/1365-Glenwood-Ct-Berne-IN-46711/85083456_zpid/,"1365 Glenwood Ct, Berne, IN 46711",,3,2,1332
https://www.zillow.com/homedetails/1365-Hauptstrasse-Berne-IN-46711/85083534_zpid/,"1365 Hauptstrasse, Berne, IN 46711",,4,2.5,1830
https://www.zillow.com/homedetails/1365-Soudastrasse-Berne-IN-46711/85083561_zpid/,"1365 Soudastrasse, Berne, IN 46711",,3,3,1988
https://www.zillow.com/homedetails/1365-Yoderstrasse-Berne-IN-46711/85083516_zpid/,"1365 Yoderstrasse, Berne, IN 46711",,3,2.5,1928
https://www.zillow.com/homedetails/1366-Hendricks-St-Berne-IN-46711/85083441_zpid/,"1366 Hendricks St, Berne, IN 46711",,3,1,1008
https://www.zillow.com/homedetails/1366-Soudastrasse-Berne-IN-46711/2096581727_zpid/,"1366 Soudastrasse, Berne, IN 46711",,3,2,1511
https://www.zillow.com/homedetails/1366-Soudastrasse-Berne-IN-46711/227855434_zpid/,"1366 Soudastrasse, Berne, IN 46711",,3,3,1511
https://www.zillow.com/homedetails/1366-Stuckistrasse-Berne-IN-46711/227855375_zpid/,"1366 Stuckistrasse, Berne, IN 46711",,3,2,1428
https://www.zillow.com/homedetails/1366-Yoderstrasse-Berne-IN-46711/85083569_zpid/,"1366 Yoderstrasse, Berne, IN 46711",,3,2,1677
https://www.zillow.com/homedetails/1367-E-400-S-Berne-IN-46711/227853542_zpid/,"1367 E 400 S, Berne, IN 46711",,2,0.5,2688
https://www.zillow.com/homedetails/1375-Hendricks-St-Berne-IN-46711/85083425_zpid/,"1375 Hendricks St, Berne, IN 46711",,3,1,1008
https://www.zillow.com/homedetails/1375-Old-Colonial-Dr-Berne-IN-46711/85083758_zpid/,"1375 Old Colonial Dr, Berne, IN 46711",,3,2.5,1724
https://www.zillow.com/homedetails/1380-Carrington-Way-Berne-IN-46711/251678319_zpid/,"1380 Carrington Way, Berne, IN 46711",,0,0,
https://www.zillow.com/homedetails/1380-Carrington-Way-Berne-IN-46711/251678321_zpid/,"1380 Carrington Way, Berne, IN 46711",,3,2.5,1627
https://www.zillow.com/homedetails/1383-W-400-S-Berne-IN-46711/227853495_zpid/,"1383 W 400 S, Berne, IN 46711",,7,0,3776
https://www.zillow.com/homedetails/1385-Hauptstrasse-Berne-IN-46711/85083512_zpid/,"1385 Hauptstrasse, Berne, IN 46711",,4,2.5,1970
https://www.zillow.com/homedetails/1385-Soudastrasse-Berne-IN-46711/94263671_zpid/,"1385 Soudastrasse, Berne, IN 46711",,3,3,1729
https://www.zillow.com/homedetails/1385-Stuckistrasse-Berne-IN-46711/85083568_zpid/,"1385 Stuckistrasse, Berne, IN 46711",,3,2.5,2388
https://www.zillow.com/homedetails/1385-Yoderstrasse-Berne-IN-46711/227855407_zpid/,"1385 Yoderstrasse, Berne, IN 46711",,4,4.5,3322
https://www.zillow.com/homedetails/1386-Hauptstrasse-Berne-IN-46711/111820407_zpid/,"1386 Hauptstrasse, Berne, IN 46711",,3,2.5,3493
https://www.zillow.com/homedetails/1386-Old-Colonial-Dr-Berne-IN-46711/85083811_zpid/,"1386 Old Colonial Dr, Berne, IN 46711",,4,2.5,2036
https://www.zillow.com/homedetails/1386-Soudastrasse-Berne-IN-46711/227855433_zpid/,"1386 Soudastrasse, Berne, IN 46711",,0,0,
https://www.zillow.com/homedetails/1386-Stuckistrasse-Berne-IN-46711/85083571_zpid/,"1386 Stuckistrasse, Berne, IN 46711",,3,2.5,1920
https://www.zillow.com/homedetails/1386-Yoderstrasse-Berne-IN-46711/85083550_zpid/,"1386 Yoderstrasse, Berne, IN 46711",,4,3.5,1740
https://www.zillow.com/homedetails/1388-W-300-S-Berne-IN-46711/227853484_zpid/,"1388 W 300 S, Berne, IN 46711",,4,2,2187
https://www.zillow.com/homedetails/1390-Carrington-Way-Berne-IN-46711/251678323_zpid/,"1390 Carrington Way, Berne, IN 46711",,3,2,1713
https://www.zillow.com/homedetails/1395-Claw-Ct-Berne-IN-46711/251678328_zpid/,"1395 Claw Ct, Berne, IN 46711",,4,3.5,1873
https://www.zillow.com/homedetails/1395-Colonial-Ct-Berne-IN-46711/85083421_zpid/,"1395 Colonial Ct, Berne, IN 46711",,3,2,1301
https://www.zillow.com/homedetails/1395-Glenwood-Ct-Berne-IN-46711/97899819_zpid/,"1395 Glenwood Ct, Berne, IN 46711",,3,2,1108
https://www.zillow.com/homedetails/1395-Hendricks-St-Berne-IN-46711/85083445_zpid/,"1395 Hendricks St, Berne, IN 46711",,3,1,984
https://www.zillow.com/homedetails/1395-Old-Colonial-Dr-Berne-IN-46711/85083806_zpid/,"1395 Old Colonial Dr, Berne, IN 46711",,3,2,1656
https://www.zillow.com/homedetails/1396-E-700-S-Berne-IN-46711/249944674_zpid/,"1396 E 700 S, Berne, IN 46711",,4,2,3520
https://www.zillow.com/homedetails/1396-Glenwood-Ct-Berne-IN-46711/227855291_zpid/,"1396 Glenwood Ct, Berne, IN 46711",,3,1.5,1440
https://www.zillow.com/homedetails/1396-Hendricks-St-Berne-IN-46711/85083450_zpid/,"1396 Hendricks St, Berne, IN 46711",,3,1,1008
https://www.zillow.com/homedetails/140-Hahnemann-Ct-Berne-IN-46711/127040913_zpid/,"140 Hahnemann Ct, Berne, IN 46711",,2,2.5,1750
https://www.zillow.com/homedetails/1400-Carrington-Way-Berne-IN-46711/251678327_zpid/,"1400 Carrington Way, Berne, IN 46711",,3,2.5,2667
https://www.zillow.com/homedetails/1405-Colonial-Ct-Berne-IN-46711/85083422_zpid/,"1405 Colonial Ct, Berne, IN 46711",,3,2,1081
https://www.zillow.com/homedetails/1405-Hendricks-St-Berne-IN-46711/85083439_zpid/,"1405 Hendricks St, Berne, IN 46711",,3,1.5,1056
https://www.zillow.com/homedetails/1406-Hendricks-St-Berne-IN-46711/85083431_zpid/,"1406 Hendricks St, Berne, IN 46711",,3,1,960
https://www.zillow.com/homedetails/1410-E-State-Road-218-Berne-IN-46711/227854948_zpid/,"1410 E State Road 218, Berne, IN 46711",,5,0,2790
https://www.zillow.com/homedetails/1422-Carrington-Way-Berne-IN-46711/124604578_zpid/,"1422 Carrington Way, Berne, IN 46711",,3,3,3073
https://www.zillow.com/homedetails/1425-Colonial-Ct-Berne-IN-46711/227855298_zpid/,"1425 Colonial Ct, Berne, IN 46711",,3,2,1303
https://www.zillow.com/homedetails/1425-Glenwood-Ct-Berne-IN-46711/94263672_zpid/,"1425 Glenwood Ct, Berne, IN 46711",,2,2,962
https://www.zillow.com/homedetails/1425-Hendricks-St-Berne-IN-46711/85083447_zpid/,"1425 Hendricks St, Berne, IN 46711",,3,1,1008
https://www.zillow.com/homedetails/1425-Old-Colonial-Dr-Berne-IN-46711/94266700_zpid/,"1425 Old Colonial Dr, Berne, IN 46711",,2,2.5,1789